date,sales_qty,stock_qty,order_qty,is_weekday,event,weekday,month,day,dayofweek,product_cake,product_salad,product_sandwich,time_slot_18:00-19:00,time_slot_other
2025-01-01,36,43,7,True,None,Wednesday,1,1,2,0.0,0.0,1.0,0.0,0.0
2025-01-01,31,43,12,True,None,Wednesday,1,1,2,0.0,0.0,1.0,1.0,0.0
2025-01-01,13,23,11,True,None,Wednesday,1,1,2,0.0,0.0,1.0,0.0,1.0
2025-01-01,13,25,12,True,None,Wednesday,1,1,2,1.0,0.0,0.0,0.0,0.0
2025-01-01,13,24,13,True,None,Wednesday,1,1,2,1.0,0.0,0.0,1.0,0.0
2025-01-01,4,16,14,True,None,Wednesday,1,1,2,1.0,0.0,0.0,0.0,1.0
2025-01-01,26,31,6,True,None,Wednesday,1,1,2,0.0,1.0,0.0,0.0,0.0
2025-01-01,23,31,8,True,None,Wednesday,1,1,2,0.0,1.0,0.0,1.0,0.0
2025-01-01,9,16,8,True,None,Wednesday,1,1,2,0.0,1.0,0.0,0.0,1.0
2025-01-01,40,45,8,True,None,Wednesday,1,1,2,0.0,0.0,0.0,0.0,0.0
2025-01-01,37,44,9,True,None,Wednesday,1,1,2,0.0,0.0,0.0,1.0,0.0
2025-01-01,18,31,17,True,None,Wednesday,1,1,2,0.0,0.0,0.0,0.0,1.0
2025-01-02,30,42,13,True,None,Thursday,1,2,3,0.0,0.0,1.0,0.0,0.0
2025-01-02,33,41,11,True,None,Thursday,1,2,3,0.0,0.0,1.0,1.0,0.0
2025-01-02,16,27,12,True,None,Thursday,1,2,3,0.0,0.0,1.0,0.0,1.0
2025-01-02,14,21,10,True,None,Thursday,1,2,3,1.0,0.0,0.0,0.0,0.0
2025-01-02,17,22,9,True,None,Thursday,1,2,3,1.0,0.0,0.0,1.0,0.0
2025-01-02,8,15,10,True,None,Thursday,1,2,3,1.0,0.0,0.0,0.0,1.0
2025-01-02,20,31,11,True,None,Thursday,1,2,3,0.0,1.0,0.0,0.0,0.0
2025-01-02,23,36,14,True,None,Thursday,1,2,3,0.0,1.0,0.0,1.0,0.0
2025-01-02,12,22,12,True,None,Thursday,1,2,3,0.0,1.0,0.0,0.0,1.0
2025-01-02,43,49,10,True,None,Thursday,1,2,3,0.0,0.0,0.0,0.0,0.0
2025-01-02,30,40,11,True,None,Thursday,1,2,3,0.0,0.0,0.0,1.0,0.0
2025-01-02,19,33,17,True,None,Thursday,1,2,3,0.0,0.0,0.0,0.0,1.0
2025-01-03,30,39,11,True,None,Friday,1,3,4,0.0,0.0,1.0,0.0,0.0
2025-01-03,33,46,17,True,None,Friday,1,3,4,0.0,0.0,1.0,1.0,0.0
2025-01-03,13,27,15,True,None,Friday,1,3,4,0.0,0.0,1.0,0.0,1.0
2025-01-03,13,20,11,True,None,Friday,1,3,4,1.0,0.0,0.0,0.0,0.0
2025-01-03,17,26,11,True,None,Friday,1,3,4,1.0,0.0,0.0,1.0,0.0
2025-01-03,9,17,11,True,None,Friday,1,3,4,1.0,0.0,0.0,0.0,1.0
2025-01-03,21,26,7,True,None,Friday,1,3,4,0.0,1.0,0.0,0.0,0.0
2025-01-03,25,39,15,True,None,Friday,1,3,4,0.0,1.0,0.0,1.0,0.0
2025-01-03,6,11,5,True,None,Friday,1,3,4,0.0,1.0,0.0,0.0,1.0
2025-01-03,45,59,14,True,None,Friday,1,3,4,0.0,0.0,0.0,0.0,0.0
2025-01-03,34,43,12,True,None,Friday,1,3,4,0.0,0.0,0.0,1.0,0.0
2025-01-03,20,26,9,True,None,Friday,1,3,4,0.0,0.0,0.0,0.0,1.0
2025-01-04,22,27,9,False,None,Saturday,1,4,5,0.0,0.0,1.0,0.0,0.0
2025-01-04,25,30,8,False,None,Saturday,1,4,5,0.0,0.0,1.0,1.0,0.0
2025-01-04,15,24,10,False,None,Saturday,1,4,5,0.0,0.0,1.0,0.0,1.0
2025-01-04,10,21,11,False,None,Saturday,1,4,5,1.0,0.0,0.0,0.0,0.0
2025-01-04,7,18,15,False,None,Saturday,1,4,5,1.0,0.0,0.0,1.0,0.0
2025-01-04,5,17,14,False,None,Saturday,1,4,5,1.0,0.0,0.0,0.0,1.0
2025-01-04,19,26,11,False,None,Saturday,1,4,5,0.0,1.0,0.0,0.0,0.0
2025-01-04,16,27,14,False,None,Saturday,1,4,5,0.0,1.0,0.0,1.0,0.0
2025-01-04,11,17,8,False,None,Saturday,1,4,5,0.0,1.0,0.0,0.0,1.0
2025-01-04,20,25,9,False,None,Saturday,1,4,5,0.0,0.0,0.0,0.0,0.0
2025-01-04,27,40,14,False,None,Saturday,1,4,5,0.0,0.0,0.0,1.0,0.0
2025-01-04,6,14,12,False,None,Saturday,1,4,5,0.0,0.0,0.0,0.0,1.0
2025-01-05,27,39,13,False,None,Sunday,1,5,6,0.0,0.0,1.0,0.0,0.0
2025-01-05,18,31,13,False,None,Sunday,1,5,6,0.0,0.0,1.0,1.0,0.0
2025-01-05,7,17,12,False,None,Sunday,1,5,6,0.0,0.0,1.0,0.0,1.0
2025-01-05,15,27,15,False,None,Sunday,1,5,6,1.0,0.0,0.0,0.0,0.0
2025-01-05,14,21,11,False,None,Sunday,1,5,6,1.0,0.0,0.0,1.0,0.0
2025-01-05,1,14,14,False,None,Sunday,1,5,6,1.0,0.0,0.0,0.0,1.0
2025-01-05,20,33,15,False,None,Sunday,1,5,6,0.0,1.0,0.0,0.0,0.0
2025-01-05,17,31,16,False,None,Sunday,1,5,6,0.0,1.0,0.0,1.0,0.0
2025-01-05,8,14,8,False,None,Sunday,1,5,6,0.0,1.0,0.0,0.0,1.0
2025-01-05,37,50,15,False,None,Sunday,1,5,6,0.0,0.0,0.0,0.0,0.0
2025-01-05,31,40,11,False,None,Sunday,1,5,6,0.0,0.0,0.0,1.0,0.0
2025-01-05,6,16,12,False,None,Sunday,1,5,6,0.0,0.0,0.0,0.0,1.0
2025-01-06,40,50,14,True,None,Monday,1,6,0,0.0,0.0,1.0,0.0,0.0
2025-01-06,26,35,13,True,None,Monday,1,6,0,0.0,0.0,1.0,1.0,0.0
2025-01-06,19,26,8,True,None,Monday,1,6,0,0.0,0.0,1.0,0.0,1.0
2025-01-06,19,31,14,True,None,Monday,1,6,0,1.0,0.0,0.0,0.0,0.0
2025-01-06,16,21,7,True,None,Monday,1,6,0,1.0,0.0,0.0,1.0,0.0
2025-01-06,10,21,12,True,None,Monday,1,6,0,1.0,0.0,0.0,0.0,1.0
2025-01-06,20,31,12,True,None,Monday,1,6,0,0.0,1.0,0.0,0.0,0.0
2025-01-06,28,39,12,True,None,Monday,1,6,0,0.0,1.0,0.0,1.0,0.0
2025-01-06,9,14,5,True,None,Monday,1,6,0,0.0,1.0,0.0,0.0,1.0
2025-01-06,48,60,16,True,None,Monday,1,6,0,0.0,0.0,0.0,0.0,0.0
2025-01-06,45,56,12,True,None,Monday,1,6,0,0.0,0.0,0.0,1.0,0.0
2025-01-06,17,26,13,True,None,Monday,1,6,0,0.0,0.0,0.0,0.0,1.0
2025-01-07,42,50,9,True,None,Tuesday,1,7,1,0.0,0.0,1.0,0.0,0.0
2025-01-07,43,53,10,True,None,Tuesday,1,7,1,0.0,0.0,1.0,1.0,0.0
2025-01-07,15,29,16,True,None,Tuesday,1,7,1,0.0,0.0,1.0,0.0,1.0
2025-01-07,20,27,10,True,None,Tuesday,1,7,1,1.0,0.0,0.0,0.0,0.0
2025-01-07,19,24,7,True,None,Tuesday,1,7,1,1.0,0.0,0.0,1.0,0.0
2025-01-07,1,7,7,True,None,Tuesday,1,7,1,1.0,0.0,0.0,0.0,1.0
2025-01-07,26,37,15,True,None,Tuesday,1,7,1,0.0,1.0,0.0,0.0,0.0
2025-01-07,26,32,9,True,None,Tuesday,1,7,1,0.0,1.0,0.0,1.0,0.0
2025-01-07,12,17,8,True,None,Tuesday,1,7,1,0.0,1.0,0.0,0.0,1.0
2025-01-07,44,58,17,True,None,Tuesday,1,7,1,0.0,0.0,0.0,0.0,0.0
2025-01-07,43,50,7,True,None,Tuesday,1,7,1,0.0,0.0,0.0,1.0,0.0
2025-01-07,20,32,15,True,None,Tuesday,1,7,1,0.0,0.0,0.0,0.0,1.0
2025-01-08,30,39,11,True,None,Wednesday,1,8,2,0.0,0.0,1.0,0.0,0.0
2025-01-08,33,42,12,True,None,Wednesday,1,8,2,0.0,0.0,1.0,1.0,0.0
2025-01-08,25,38,13,True,None,Wednesday,1,8,2,0.0,0.0,1.0,0.0,1.0
2025-01-08,19,32,13,True,None,Wednesday,1,8,2,1.0,0.0,0.0,0.0,0.0
2025-01-08,11,20,13,True,None,Wednesday,1,8,2,1.0,0.0,0.0,1.0,0.0
2025-01-08,15,28,16,True,None,Wednesday,1,8,2,1.0,0.0,0.0,0.0,1.0
2025-01-08,30,36,9,True,None,Wednesday,1,8,2,0.0,1.0,0.0,0.0,0.0
2025-01-08,15,28,17,True,None,Wednesday,1,8,2,0.0,1.0,0.0,1.0,0.0
2025-01-08,9,19,11,True,None,Wednesday,1,8,2,0.0,1.0,0.0,0.0,1.0
2025-01-08,49,55,7,True,None,Wednesday,1,8,2,0.0,0.0,0.0,0.0,0.0
2025-01-08,32,39,9,True,None,Wednesday,1,8,2,0.0,0.0,0.0,1.0,0.0
2025-01-08,9,15,9,True,None,Wednesday,1,8,2,0.0,0.0,0.0,0.0,1.0
2025-01-09,44,52,10,True,None,Thursday,1,9,3,0.0,0.0,1.0,0.0,0.0
2025-01-09,31,39,9,True,None,Thursday,1,9,3,0.0,0.0,1.0,1.0,0.0
2025-01-09,18,31,16,True,None,Thursday,1,9,3,0.0,0.0,1.0,0.0,1.0
2025-01-09,21,31,13,True,None,Thursday,1,9,3,1.0,0.0,0.0,0.0,0.0
2025-01-09,12,19,8,True,None,Thursday,1,9,3,1.0,0.0,0.0,1.0,0.0
2025-01-09,6,16,11,True,None,Thursday,1,9,3,1.0,0.0,0.0,0.0,1.0
2025-01-09,29,41,12,True,None,Thursday,1,9,3,0.0,1.0,0.0,0.0,0.0
2025-01-09,23,30,9,True,None,Thursday,1,9,3,0.0,1.0,0.0,1.0,0.0
2025-01-09,8,13,8,True,None,Thursday,1,9,3,0.0,1.0,0.0,0.0,1.0
2025-01-09,43,52,12,True,None,Thursday,1,9,3,0.0,0.0,0.0,0.0,0.0
2025-01-09,44,56,13,True,None,Thursday,1,9,3,0.0,0.0,0.0,1.0,0.0
2025-01-09,23,31,9,True,None,Thursday,1,9,3,0.0,0.0,0.0,0.0,1.0
2025-01-10,40,46,7,True,None,Friday,1,10,4,0.0,0.0,1.0,0.0,0.0
2025-01-10,36,43,9,True,None,Friday,1,10,4,0.0,0.0,1.0,1.0,0.0
2025-01-10,12,19,11,True,None,Friday,1,10,4,0.0,0.0,1.0,0.0,1.0
2025-01-10,17,22,7,True,None,Friday,1,10,4,1.0,0.0,0.0,0.0,0.0
2025-01-10,19,30,12,True,None,Friday,1,10,4,1.0,0.0,0.0,1.0,0.0
2025-01-10,9,15,6,True,None,Friday,1,10,4,1.0,0.0,0.0,0.0,1.0
2025-01-10,23,28,8,True,None,Friday,1,10,4,0.0,1.0,0.0,0.0,0.0
2025-01-10,23,30,8,True,None,Friday,1,10,4,0.0,1.0,0.0,1.0,0.0
2025-01-10,10,23,13,True,None,Friday,1,10,4,0.0,1.0,0.0,0.0,1.0
2025-01-10,44,49,5,True,None,Friday,1,10,4,0.0,0.0,0.0,0.0,0.0
2025-01-10,32,45,15,True,None,Friday,1,10,4,0.0,0.0,0.0,1.0,0.0
2025-01-10,21,30,9,True,None,Friday,1,10,4,0.0,0.0,0.0,0.0,1.0
2025-01-11,25,33,9,False,None,Saturday,1,11,5,0.0,0.0,1.0,0.0,0.0
2025-01-11,17,22,7,False,None,Saturday,1,11,5,0.0,0.0,1.0,1.0,0.0
2025-01-11,8,14,6,False,None,Saturday,1,11,5,0.0,0.0,1.0,0.0,1.0
2025-01-11,13,25,14,False,None,Saturday,1,11,5,1.0,0.0,0.0,0.0,0.0
2025-01-11,10,18,12,False,None,Saturday,1,11,5,1.0,0.0,0.0,1.0,0.0
2025-01-11,4,15,15,False,None,Saturday,1,11,5,1.0,0.0,0.0,0.0,1.0
2025-01-11,17,27,11,False,None,Saturday,1,11,5,0.0,1.0,0.0,0.0,0.0
2025-01-11,14,20,6,False,None,Saturday,1,11,5,0.0,1.0,0.0,1.0,0.0
2025-01-11,12,22,10,False,None,Saturday,1,11,5,0.0,1.0,0.0,0.0,1.0
2025-01-11,34,47,15,False,None,Saturday,1,11,5,0.0,0.0,0.0,0.0,0.0
2025-01-11,33,41,10,False,None,Saturday,1,11,5,0.0,0.0,0.0,1.0,0.0
2025-01-11,15,28,15,False,None,Saturday,1,11,5,0.0,0.0,0.0,0.0,1.0
2025-01-12,30,40,10,False,None,Sunday,1,12,6,0.0,0.0,1.0,0.0,0.0
2025-01-12,18,32,18,False,None,Sunday,1,12,6,0.0,0.0,1.0,1.0,0.0
2025-01-12,7,21,15,False,None,Sunday,1,12,6,0.0,0.0,1.0,0.0,1.0
2025-01-12,12,26,15,False,None,Sunday,1,12,6,1.0,0.0,0.0,0.0,0.0
2025-01-12,10,24,14,False,None,Sunday,1,12,6,1.0,0.0,0.0,1.0,0.0
2025-01-12,9,20,13,False,None,Sunday,1,12,6,1.0,0.0,0.0,0.0,1.0
2025-01-12,24,31,10,False,None,Sunday,1,12,6,0.0,1.0,0.0,0.0,0.0
2025-01-12,23,29,10,False,None,Sunday,1,12,6,0.0,1.0,0.0,1.0,0.0
2025-01-12,11,22,14,False,None,Sunday,1,12,6,0.0,1.0,0.0,0.0,1.0
2025-01-12,24,35,11,False,None,Sunday,1,12,6,0.0,0.0,0.0,0.0,0.0
2025-01-12,27,35,11,False,None,Sunday,1,12,6,0.0,0.0,0.0,1.0,0.0
2025-01-12,12,17,8,False,None,Sunday,1,12,6,0.0,0.0,0.0,0.0,1.0
2025-01-13,50,60,14,True,None,Monday,1,13,0,0.0,0.0,1.0,0.0,0.0
2025-01-13,39,52,14,True,None,Monday,1,13,0,0.0,0.0,1.0,1.0,0.0
2025-01-13,10,24,14,True,None,Monday,1,13,0,0.0,0.0,1.0,0.0,1.0
2025-01-13,14,20,8,True,None,Monday,1,13,0,1.0,0.0,0.0,0.0,0.0
2025-01-13,20,33,14,True,None,Monday,1,13,0,1.0,0.0,0.0,1.0,0.0
2025-01-13,6,15,9,True,None,Monday,1,13,0,1.0,0.0,0.0,0.0,1.0
2025-01-13,21,28,10,True,None,Monday,1,13,0,0.0,1.0,0.0,0.0,0.0
2025-01-13,19,32,17,True,None,Monday,1,13,0,0.0,1.0,0.0,1.0,0.0
2025-01-13,12,18,8,True,None,Monday,1,13,0,0.0,1.0,0.0,0.0,1.0
2025-01-13,47,61,18,True,None,Monday,1,13,0,0.0,0.0,0.0,0.0,0.0
2025-01-13,43,54,14,True,None,Monday,1,13,0,0.0,0.0,0.0,1.0,0.0
2025-01-13,22,32,11,True,None,Monday,1,13,0,0.0,0.0,0.0,0.0,1.0
2025-01-14,45,53,12,True,None,Tuesday,1,14,1,0.0,0.0,1.0,0.0,0.0
2025-01-14,39,51,12,True,None,Tuesday,1,14,1,0.0,0.0,1.0,1.0,0.0
2025-01-14,11,19,12,True,None,Tuesday,1,14,1,0.0,0.0,1.0,0.0,1.0
2025-01-14,18,27,12,True,None,Tuesday,1,14,1,1.0,0.0,0.0,0.0,0.0
2025-01-14,12,22,11,True,None,Tuesday,1,14,1,1.0,0.0,0.0,1.0,0.0
2025-01-14,4,10,6,True,None,Tuesday,1,14,1,1.0,0.0,0.0,0.0,1.0
2025-01-14,24,38,17,True,None,Tuesday,1,14,1,0.0,1.0,0.0,0.0,0.0
2025-01-14,27,41,14,True,None,Tuesday,1,14,1,0.0,1.0,0.0,1.0,0.0
2025-01-14,14,26,15,True,None,Tuesday,1,14,1,0.0,1.0,0.0,0.0,1.0
2025-01-14,44,55,14,True,None,Tuesday,1,14,1,0.0,0.0,0.0,0.0,0.0
2025-01-14,60,68,11,True,None,Tuesday,1,14,1,0.0,0.0,0.0,1.0,0.0
2025-01-14,14,22,9,True,None,Tuesday,1,14,1,0.0,0.0,0.0,0.0,1.0
2025-01-15,41,50,12,True,None,Wednesday,1,15,2,0.0,0.0,1.0,0.0,0.0
2025-01-15,36,44,8,True,None,Wednesday,1,15,2,0.0,0.0,1.0,1.0,0.0
2025-01-15,11,24,17,True,None,Wednesday,1,15,2,0.0,0.0,1.0,0.0,1.0
2025-01-15,16,21,7,True,None,Wednesday,1,15,2,1.0,0.0,0.0,0.0,0.0
2025-01-15,20,34,17,True,None,Wednesday,1,15,2,1.0,0.0,0.0,1.0,0.0
2025-01-15,10,24,16,True,None,Wednesday,1,15,2,1.0,0.0,0.0,0.0,1.0
2025-01-15,32,45,17,True,None,Wednesday,1,15,2,0.0,1.0,0.0,0.0,0.0
2025-01-15,24,30,6,True,None,Wednesday,1,15,2,0.0,1.0,0.0,1.0,0.0
2025-01-15,11,16,9,True,None,Wednesday,1,15,2,0.0,1.0,0.0,0.0,1.0
2025-01-15,52,58,10,True,None,Wednesday,1,15,2,0.0,0.0,0.0,0.0,0.0
2025-01-15,56,64,9,True,None,Wednesday,1,15,2,0.0,0.0,0.0,1.0,0.0
2025-01-15,15,21,9,True,None,Wednesday,1,15,2,0.0,0.0,0.0,0.0,1.0
2025-01-16,33,42,11,True,None,Thursday,1,16,3,0.0,0.0,1.0,0.0,0.0
2025-01-16,25,31,10,True,None,Thursday,1,16,3,0.0,0.0,1.0,1.0,0.0
2025-01-16,16,27,13,True,None,Thursday,1,16,3,0.0,0.0,1.0,0.0,1.0
2025-01-16,13,20,10,True,None,Thursday,1,16,3,1.0,0.0,0.0,0.0,0.0
2025-01-16,17,29,12,True,None,Thursday,1,16,3,1.0,0.0,0.0,1.0,0.0
2025-01-16,9,19,14,True,None,Thursday,1,16,3,1.0,0.0,0.0,0.0,1.0
2025-01-16,23,32,13,True,None,Thursday,1,16,3,0.0,1.0,0.0,0.0,0.0
2025-01-16,27,38,15,True,None,Thursday,1,16,3,0.0,1.0,0.0,1.0,0.0
2025-01-16,8,14,10,True,None,Thursday,1,16,3,0.0,1.0,0.0,0.0,1.0
2025-01-16,62,69,7,True,None,Thursday,1,16,3,0.0,0.0,0.0,0.0,0.0
2025-01-16,40,48,12,True,None,Thursday,1,16,3,0.0,0.0,0.0,1.0,0.0
2025-01-16,18,26,11,True,None,Thursday,1,16,3,0.0,0.0,0.0,0.0,1.0
2025-01-17,39,47,12,True,None,Friday,1,17,4,0.0,0.0,1.0,0.0,0.0
2025-01-17,30,35,5,True,None,Friday,1,17,4,0.0,0.0,1.0,1.0,0.0
2025-01-17,9,22,13,True,None,Friday,1,17,4,0.0,0.0,1.0,0.0,1.0
2025-01-17,22,27,6,True,None,Friday,1,17,4,1.0,0.0,0.0,0.0,0.0
2025-01-17,23,35,16,True,None,Friday,1,17,4,1.0,0.0,0.0,1.0,0.0
2025-01-17,8,13,9,True,None,Friday,1,17,4,1.0,0.0,0.0,0.0,1.0
2025-01-17,15,26,13,True,None,Friday,1,17,4,0.0,1.0,0.0,0.0,0.0
2025-01-17,26,33,7,True,None,Friday,1,17,4,0.0,1.0,0.0,1.0,0.0
2025-01-17,9,17,10,True,None,Friday,1,17,4,0.0,1.0,0.0,0.0,1.0
2025-01-17,48,62,18,True,None,Friday,1,17,4,0.0,0.0,0.0,0.0,0.0
2025-01-17,40,52,13,True,None,Friday,1,17,4,0.0,0.0,0.0,1.0,0.0
2025-01-17,30,42,12,True,None,Friday,1,17,4,0.0,0.0,0.0,0.0,1.0
2025-01-18,20,33,14,False,None,Saturday,1,18,5,0.0,0.0,1.0,0.0,0.0
2025-01-18,20,34,18,False,None,Saturday,1,18,5,0.0,0.0,1.0,1.0,0.0
2025-01-18,8,13,6,False,None,Saturday,1,18,5,0.0,0.0,1.0,0.0,1.0
2025-01-18,9,23,14,False,None,Saturday,1,18,5,1.0,0.0,0.0,0.0,0.0
2025-01-18,7,15,12,False,None,Saturday,1,18,5,1.0,0.0,0.0,1.0,0.0
2025-01-18,2,11,11,False,None,Saturday,1,18,5,1.0,0.0,0.0,0.0,1.0
2025-01-18,20,31,11,False,None,Saturday,1,18,5,0.0,1.0,0.0,0.0,0.0
2025-01-18,12,21,13,False,None,Saturday,1,18,5,0.0,1.0,0.0,1.0,0.0
2025-01-18,6,16,12,False,None,Saturday,1,18,5,0.0,1.0,0.0,0.0,1.0
2025-01-18,26,32,7,False,None,Saturday,1,18,5,0.0,0.0,0.0,0.0,0.0
2025-01-18,19,25,8,False,None,Saturday,1,18,5,0.0,0.0,0.0,1.0,0.0
2025-01-18,8,18,12,False,None,Saturday,1,18,5,0.0,0.0,0.0,0.0,1.0
2025-01-19,28,35,9,False,None,Sunday,1,19,6,0.0,0.0,1.0,0.0,0.0
2025-01-19,15,28,17,False,None,Sunday,1,19,6,0.0,0.0,1.0,1.0,0.0
2025-01-19,6,20,15,False,None,Sunday,1,19,6,0.0,0.0,1.0,0.0,1.0
2025-01-19,9,20,13,False,None,Sunday,1,19,6,1.0,0.0,0.0,0.0,0.0
2025-01-19,7,20,16,False,None,Sunday,1,19,6,1.0,0.0,0.0,1.0,0.0
2025-01-19,4,17,14,False,None,Sunday,1,19,6,1.0,0.0,0.0,0.0,1.0
2025-01-19,21,28,9,False,None,Sunday,1,19,6,0.0,1.0,0.0,0.0,0.0
2025-01-19,15,27,14,False,None,Sunday,1,19,6,0.0,1.0,0.0,1.0,0.0
2025-01-19,2,13,15,False,None,Sunday,1,19,6,0.0,1.0,0.0,0.0,1.0
2025-01-19,24,29,8,False,None,Sunday,1,19,6,0.0,0.0,0.0,0.0,0.0
2025-01-19,26,35,10,False,None,Sunday,1,19,6,0.0,0.0,0.0,1.0,0.0
2025-01-19,13,25,13,False,None,Sunday,1,19,6,0.0,0.0,0.0,0.0,1.0
2025-01-20,38,45,7,True,None,Monday,1,20,0,0.0,0.0,1.0,0.0,0.0
2025-01-20,33,45,16,True,None,Monday,1,20,0,0.0,0.0,1.0,1.0,0.0
2025-01-20,11,18,11,True,None,Monday,1,20,0,0.0,0.0,1.0,0.0,1.0
2025-01-20,13,24,11,True,None,Monday,1,20,0,1.0,0.0,0.0,0.0,0.0
2025-01-20,9,22,16,True,None,Monday,1,20,0,1.0,0.0,0.0,1.0,0.0
2025-01-20,10,18,12,True,None,Monday,1,20,0,1.0,0.0,0.0,0.0,1.0
2025-01-20,30,40,14,True,None,Monday,1,20,0,0.0,1.0,0.0,0.0,0.0
2025-01-20,28,35,8,True,None,Monday,1,20,0,0.0,1.0,0.0,1.0,0.0
2025-01-20,10,20,11,True,None,Monday,1,20,0,0.0,1.0,0.0,0.0,1.0
2025-01-20,33,39,8,True,None,Monday,1,20,0,0.0,0.0,0.0,0.0,0.0
2025-01-20,38,48,10,True,None,Monday,1,20,0,0.0,0.0,0.0,1.0,0.0
2025-01-20,13,26,16,True,None,Monday,1,20,0,0.0,0.0,0.0,0.0,1.0
2025-01-21,25,35,13,True,None,Tuesday,1,21,1,0.0,0.0,1.0,0.0,0.0
2025-01-21,27,39,13,True,None,Tuesday,1,21,1,0.0,0.0,1.0,1.0,0.0
2025-01-21,12,26,14,True,None,Tuesday,1,21,1,0.0,0.0,1.0,0.0,1.0
2025-01-21,22,30,10,True,None,Tuesday,1,21,1,1.0,0.0,0.0,0.0,0.0
2025-01-21,10,15,7,True,None,Tuesday,1,21,1,1.0,0.0,0.0,1.0,0.0
2025-01-21,7,19,12,True,None,Tuesday,1,21,1,1.0,0.0,0.0,0.0,1.0
2025-01-21,21,30,9,True,None,Tuesday,1,21,1,0.0,1.0,0.0,0.0,0.0
2025-01-21,25,38,13,True,None,Tuesday,1,21,1,0.0,1.0,0.0,1.0,0.0
2025-01-21,7,21,14,True,None,Tuesday,1,21,1,0.0,1.0,0.0,0.0,1.0
2025-01-21,53,58,9,True,None,Tuesday,1,21,1,0.0,0.0,0.0,0.0,0.0
2025-01-21,34,47,13,True,None,Tuesday,1,21,1,0.0,0.0,0.0,1.0,0.0
2025-01-21,18,28,11,True,None,Tuesday,1,21,1,0.0,0.0,0.0,0.0,1.0
2025-01-22,36,42,6,True,None,Wednesday,1,22,2,0.0,0.0,1.0,0.0,0.0
2025-01-22,34,41,11,True,None,Wednesday,1,22,2,0.0,0.0,1.0,1.0,0.0
2025-01-22,17,29,15,True,None,Wednesday,1,22,2,0.0,0.0,1.0,0.0,1.0
2025-01-22,22,33,15,True,None,Wednesday,1,22,2,1.0,0.0,0.0,0.0,0.0
2025-01-22,11,19,12,True,None,Wednesday,1,22,2,1.0,0.0,0.0,1.0,0.0
2025-01-22,8,15,10,True,None,Wednesday,1,22,2,1.0,0.0,0.0,0.0,1.0
2025-01-22,28,38,13,True,None,Wednesday,1,22,2,0.0,1.0,0.0,0.0,0.0
2025-01-22,23,30,11,True,None,Wednesday,1,22,2,0.0,1.0,0.0,1.0,0.0
2025-01-22,19,33,17,True,None,Wednesday,1,22,2,0.0,1.0,0.0,0.0,1.0
2025-01-22,51,60,9,True,None,Wednesday,1,22,2,0.0,0.0,0.0,0.0,0.0
2025-01-22,37,49,13,True,None,Wednesday,1,22,2,0.0,0.0,0.0,1.0,0.0
2025-01-22,13,19,8,True,None,Wednesday,1,22,2,0.0,0.0,0.0,0.0,1.0
2025-01-23,33,45,12,True,None,Thursday,1,23,3,0.0,0.0,1.0,0.0,0.0
2025-01-23,33,45,16,True,None,Thursday,1,23,3,0.0,0.0,1.0,1.0,0.0
2025-01-23,12,22,12,True,None,Thursday,1,23,3,0.0,0.0,1.0,0.0,1.0
2025-01-23,20,28,11,True,None,Thursday,1,23,3,1.0,0.0,0.0,0.0,0.0
2025-01-23,21,32,13,True,None,Thursday,1,23,3,1.0,0.0,0.0,1.0,0.0
2025-01-23,4,13,11,True,None,Thursday,1,23,3,1.0,0.0,0.0,0.0,1.0
2025-01-23,22,30,9,True,None,Thursday,1,23,3,0.0,1.0,0.0,0.0,0.0
2025-01-23,26,38,13,True,None,Thursday,1,23,3,0.0,1.0,0.0,1.0,0.0
2025-01-23,11,23,13,True,None,Thursday,1,23,3,0.0,1.0,0.0,0.0,1.0
2025-01-23,35,43,9,True,None,Thursday,1,23,3,0.0,0.0,0.0,0.0,0.0
2025-01-23,36,50,16,True,None,Thursday,1,23,3,0.0,0.0,0.0,1.0,0.0
2025-01-23,20,30,10,True,None,Thursday,1,23,3,0.0,0.0,0.0,0.0,1.0
2025-01-24,43,50,7,True,None,Friday,1,24,4,0.0,0.0,1.0,0.0,0.0
2025-01-24,24,30,8,True,None,Friday,1,24,4,0.0,0.0,1.0,1.0,0.0
2025-01-24,17,28,11,True,None,Friday,1,24,4,0.0,0.0,1.0,0.0,1.0
2025-01-24,10,17,10,True,None,Friday,1,24,4,1.0,0.0,0.0,0.0,0.0
2025-01-24,21,30,11,True,None,Friday,1,24,4,1.0,0.0,0.0,1.0,0.0
2025-01-24,10,16,9,True,None,Friday,1,24,4,1.0,0.0,0.0,0.0,1.0
2025-01-24,25,32,9,True,None,Friday,1,24,4,0.0,1.0,0.0,0.0,0.0
2025-01-24,22,34,13,True,None,Friday,1,24,4,0.0,1.0,0.0,1.0,0.0
2025-01-24,20,33,15,True,None,Friday,1,24,4,0.0,1.0,0.0,0.0,1.0
2025-01-24,49,60,11,True,None,Friday,1,24,4,0.0,0.0,0.0,0.0,0.0
2025-01-24,35,42,10,True,None,Friday,1,24,4,0.0,0.0,0.0,1.0,0.0
2025-01-24,12,20,8,True,None,Friday,1,24,4,0.0,0.0,0.0,0.0,1.0
2025-01-25,20,32,15,False,None,Saturday,1,25,5,0.0,0.0,1.0,0.0,0.0
2025-01-25,18,25,7,False,None,Saturday,1,25,5,0.0,0.0,1.0,1.0,0.0
2025-01-25,9,14,8,False,None,Saturday,1,25,5,0.0,0.0,1.0,0.0,1.0
2025-01-25,16,25,12,False,None,Saturday,1,25,5,1.0,0.0,0.0,0.0,0.0
2025-01-25,7,16,13,False,None,Saturday,1,25,5,1.0,0.0,0.0,1.0,0.0
2025-01-25,3,8,9,False,None,Saturday,1,25,5,1.0,0.0,0.0,0.0,1.0
2025-01-25,20,30,13,False,None,Saturday,1,25,5,0.0,1.0,0.0,0.0,0.0
2025-01-25,15,22,8,False,None,Saturday,1,25,5,0.0,1.0,0.0,1.0,0.0
2025-01-25,7,15,11,False,None,Saturday,1,25,5,0.0,1.0,0.0,0.0,1.0
2025-01-25,30,36,7,False,None,Saturday,1,25,5,0.0,0.0,0.0,0.0,0.0
2025-01-25,22,32,10,False,None,Saturday,1,25,5,0.0,0.0,0.0,1.0,0.0
2025-01-25,9,22,17,False,None,Saturday,1,25,5,0.0,0.0,0.0,0.0,1.0
2025-01-26,24,31,11,False,None,Sunday,1,26,6,0.0,0.0,1.0,0.0,0.0
2025-01-26,20,30,10,False,None,Sunday,1,26,6,0.0,0.0,1.0,1.0,0.0
2025-01-26,2,7,6,False,None,Sunday,1,26,6,0.0,0.0,1.0,0.0,1.0
2025-01-26,12,26,16,False,None,Sunday,1,26,6,1.0,0.0,0.0,0.0,0.0
2025-01-26,3,15,16,False,None,Sunday,1,26,6,1.0,0.0,0.0,1.0,0.0
2025-01-26,5,12,9,False,None,Sunday,1,26,6,1.0,0.0,0.0,0.0,1.0
2025-01-26,12,17,8,False,None,Sunday,1,26,6,0.0,1.0,0.0,0.0,0.0
2025-01-26,18,23,9,False,None,Sunday,1,26,6,0.0,1.0,0.0,1.0,0.0
2025-01-26,5,16,11,False,None,Sunday,1,26,6,0.0,1.0,0.0,0.0,1.0
2025-01-26,32,38,9,False,None,Sunday,1,26,6,0.0,0.0,0.0,0.0,0.0
2025-01-26,24,30,10,False,None,Sunday,1,26,6,0.0,0.0,0.0,1.0,0.0
2025-01-26,7,15,8,False,None,Sunday,1,26,6,0.0,0.0,0.0,0.0,1.0
2025-01-27,25,38,14,True,None,Monday,1,27,0,0.0,0.0,1.0,0.0,0.0
2025-01-27,34,40,8,True,None,Monday,1,27,0,0.0,0.0,1.0,1.0,0.0
2025-01-27,15,21,8,True,None,Monday,1,27,0,0.0,0.0,1.0,0.0,1.0
2025-01-27,25,32,10,True,None,Monday,1,27,0,1.0,0.0,0.0,0.0,0.0
2025-01-27,17,27,12,True,None,Monday,1,27,0,1.0,0.0,0.0,1.0,0.0
2025-01-27,3,10,9,True,None,Monday,1,27,0,1.0,0.0,0.0,0.0,1.0
2025-01-27,27,41,18,True,None,Monday,1,27,0,0.0,1.0,0.0,0.0,0.0
2025-01-27,17,30,13,True,None,Monday,1,27,0,0.0,1.0,0.0,1.0,0.0
2025-01-27,5,11,9,True,None,Monday,1,27,0,0.0,1.0,0.0,0.0,1.0
2025-01-27,48,57,10,True,None,Monday,1,27,0,0.0,0.0,0.0,0.0,0.0
2025-01-27,41,48,9,True,None,Monday,1,27,0,0.0,0.0,0.0,1.0,0.0
2025-01-27,17,31,16,True,None,Monday,1,27,0,0.0,0.0,0.0,0.0,1.0
2025-01-28,38,43,6,True,None,Tuesday,1,28,1,0.0,0.0,1.0,0.0,0.0
2025-01-28,25,33,12,True,None,Tuesday,1,28,1,0.0,0.0,1.0,1.0,0.0
2025-01-28,20,28,10,True,None,Tuesday,1,28,1,0.0,0.0,1.0,0.0,1.0
2025-01-28,20,25,5,True,None,Tuesday,1,28,1,1.0,0.0,0.0,0.0,0.0
2025-01-28,18,24,9,True,None,Tuesday,1,28,1,1.0,0.0,0.0,1.0,0.0
2025-01-28,7,15,9,True,None,Tuesday,1,28,1,1.0,0.0,0.0,0.0,1.0
2025-01-28,14,28,16,True,None,Tuesday,1,28,1,0.0,1.0,0.0,0.0,0.0
2025-01-28,23,32,10,True,None,Tuesday,1,28,1,0.0,1.0,0.0,1.0,0.0
2025-01-28,9,17,9,True,None,Tuesday,1,28,1,0.0,1.0,0.0,0.0,1.0
2025-01-28,41,49,8,True,None,Tuesday,1,28,1,0.0,0.0,0.0,0.0,0.0
2025-01-28,37,45,12,True,None,Tuesday,1,28,1,0.0,0.0,0.0,1.0,0.0
2025-01-28,13,19,10,True,None,Tuesday,1,28,1,0.0,0.0,0.0,0.0,1.0
2025-01-29,35,42,8,True,None,Wednesday,1,29,2,0.0,0.0,1.0,0.0,0.0
2025-01-29,20,29,12,True,None,Wednesday,1,29,2,0.0,0.0,1.0,1.0,0.0
2025-01-29,19,24,8,True,None,Wednesday,1,29,2,0.0,0.0,1.0,0.0,1.0
2025-01-29,13,21,10,True,None,Wednesday,1,29,2,1.0,0.0,0.0,0.0,0.0
2025-01-29,19,25,6,True,None,Wednesday,1,29,2,1.0,0.0,0.0,1.0,0.0
2025-01-29,10,20,14,True,None,Wednesday,1,29,2,1.0,0.0,0.0,0.0,1.0
2025-01-29,31,40,9,True,None,Wednesday,1,29,2,0.0,1.0,0.0,0.0,0.0
2025-01-29,26,40,17,True,None,Wednesday,1,29,2,0.0,1.0,0.0,1.0,0.0
2025-01-29,11,19,9,True,None,Wednesday,1,29,2,0.0,1.0,0.0,0.0,1.0
2025-01-29,45,57,14,True,None,Wednesday,1,29,2,0.0,0.0,0.0,0.0,0.0
2025-01-29,39,45,6,True,None,Wednesday,1,29,2,0.0,0.0,0.0,1.0,0.0
2025-01-29,17,25,12,True,None,Wednesday,1,29,2,0.0,0.0,0.0,0.0,1.0
2025-01-30,24,29,5,True,None,Thursday,1,30,3,0.0,0.0,1.0,0.0,0.0
2025-01-30,28,38,12,True,None,Thursday,1,30,3,0.0,0.0,1.0,1.0,0.0
2025-01-30,14,25,12,True,None,Thursday,1,30,3,0.0,0.0,1.0,0.0,1.0
2025-01-30,18,25,8,True,None,Thursday,1,30,3,1.0,0.0,0.0,0.0,0.0
2025-01-30,10,16,6,True,None,Thursday,1,30,3,1.0,0.0,0.0,1.0,0.0
2025-01-30,3,10,8,True,None,Thursday,1,30,3,1.0,0.0,0.0,0.0,1.0
2025-01-30,30,41,13,True,None,Thursday,1,30,3,0.0,1.0,0.0,0.0,0.0
2025-01-30,27,39,16,True,None,Thursday,1,30,3,0.0,1.0,0.0,1.0,0.0
2025-01-30,15,27,12,True,None,Thursday,1,30,3,0.0,1.0,0.0,0.0,1.0
2025-01-30,50,58,10,True,None,Thursday,1,30,3,0.0,0.0,0.0,0.0,0.0
2025-01-30,36,42,10,True,None,Thursday,1,30,3,0.0,0.0,0.0,1.0,0.0
2025-01-30,28,34,6,True,None,Thursday,1,30,3,0.0,0.0,0.0,0.0,1.0
2025-01-31,36,46,13,True,None,Friday,1,31,4,0.0,0.0,1.0,0.0,0.0
2025-01-31,24,36,15,True,None,Friday,1,31,4,0.0,0.0,1.0,1.0,0.0
2025-01-31,19,30,13,True,None,Friday,1,31,4,0.0,0.0,1.0,0.0,1.0
2025-01-31,23,32,13,True,None,Friday,1,31,4,1.0,0.0,0.0,0.0,0.0
2025-01-31,17,30,13,True,None,Friday,1,31,4,1.0,0.0,0.0,1.0,0.0
2025-01-31,6,12,7,True,None,Friday,1,31,4,1.0,0.0,0.0,0.0,1.0
2025-01-31,30,42,15,True,None,Friday,1,31,4,0.0,1.0,0.0,0.0,0.0
2025-01-31,17,23,9,True,None,Friday,1,31,4,0.0,1.0,0.0,1.0,0.0
2025-01-31,11,17,7,True,None,Friday,1,31,4,0.0,1.0,0.0,0.0,1.0
2025-01-31,50,55,5,True,None,Friday,1,31,4,0.0,0.0,0.0,0.0,0.0
2025-01-31,24,34,10,True,None,Friday,1,31,4,0.0,0.0,0.0,1.0,0.0
2025-01-31,21,34,13,True,None,Friday,1,31,4,0.0,0.0,0.0,0.0,1.0
2025-02-01,17,23,9,False,None,Saturday,2,1,5,0.0,0.0,1.0,0.0,0.0
2025-02-01,22,29,11,False,None,Saturday,2,1,5,0.0,0.0,1.0,1.0,0.0
2025-02-01,10,19,13,False,None,Saturday,2,1,5,0.0,0.0,1.0,0.0,1.0
2025-02-01,17,29,15,False,None,Saturday,2,1,5,1.0,0.0,0.0,0.0,0.0
2025-02-01,6,19,13,False,None,Saturday,2,1,5,1.0,0.0,0.0,1.0,0.0
2025-02-01,3,12,12,False,None,Saturday,2,1,5,1.0,0.0,0.0,0.0,1.0
2025-02-01,23,29,8,False,None,Saturday,2,1,5,0.0,1.0,0.0,0.0,0.0
2025-02-01,14,27,17,False,None,Saturday,2,1,5,0.0,1.0,0.0,1.0,0.0
2025-02-01,10,22,15,False,None,Saturday,2,1,5,0.0,1.0,0.0,0.0,1.0
2025-02-01,34,43,12,False,None,Saturday,2,1,5,0.0,0.0,0.0,0.0,0.0
2025-02-01,29,37,12,False,None,Saturday,2,1,5,0.0,0.0,0.0,1.0,0.0
2025-02-01,10,23,13,False,None,Saturday,2,1,5,0.0,0.0,0.0,0.0,1.0
2025-02-02,17,26,10,False,None,Sunday,2,2,6,0.0,0.0,1.0,0.0,0.0
2025-02-02,18,26,9,False,None,Sunday,2,2,6,0.0,0.0,1.0,1.0,0.0
2025-02-02,7,21,14,False,None,Sunday,2,2,6,0.0,0.0,1.0,0.0,1.0
2025-02-02,10,15,8,False,None,Sunday,2,2,6,1.0,0.0,0.0,0.0,0.0
2025-02-02,21,30,10,False,None,Sunday,2,2,6,1.0,0.0,0.0,1.0,0.0
2025-02-02,4,13,9,False,None,Sunday,2,2,6,1.0,0.0,0.0,0.0,1.0
2025-02-02,22,30,8,False,None,Sunday,2,2,6,0.0,1.0,0.0,0.0,0.0
2025-02-02,14,23,12,False,None,Sunday,2,2,6,0.0,1.0,0.0,1.0,0.0
2025-02-02,9,22,17,False,None,Sunday,2,2,6,0.0,1.0,0.0,0.0,1.0
2025-02-02,26,37,14,False,None,Sunday,2,2,6,0.0,0.0,0.0,0.0,0.0
2025-02-02,36,44,9,False,None,Sunday,2,2,6,0.0,0.0,0.0,1.0,0.0
2025-02-02,13,23,10,False,None,Sunday,2,2,6,0.0,0.0,0.0,0.0,1.0
2025-02-03,30,41,12,True,None,Monday,2,3,0,0.0,0.0,1.0,0.0,0.0
2025-02-03,39,46,9,True,None,Monday,2,3,0,0.0,0.0,1.0,1.0,0.0
2025-02-03,20,25,5,True,None,Monday,2,3,0,0.0,0.0,1.0,0.0,1.0
2025-02-03,27,37,13,True,None,Monday,2,3,0,1.0,0.0,0.0,0.0,0.0
2025-02-03,16,22,7,True,None,Monday,2,3,0,1.0,0.0,0.0,1.0,0.0
2025-02-03,2,14,12,True,None,Monday,2,3,0,1.0,0.0,0.0,0.0,1.0
2025-02-03,40,54,18,True,None,Monday,2,3,0,0.0,1.0,0.0,0.0,0.0
2025-02-03,32,46,18,True,None,Monday,2,3,0,0.0,1.0,0.0,1.0,0.0
2025-02-03,10,20,14,True,None,Monday,2,3,0,0.0,1.0,0.0,0.0,1.0
2025-02-03,45,50,5,True,None,Monday,2,3,0,0.0,0.0,0.0,0.0,0.0
2025-02-03,47,57,10,True,None,Monday,2,3,0,0.0,0.0,0.0,1.0,0.0
2025-02-03,15,22,8,True,None,Monday,2,3,0,0.0,0.0,0.0,0.0,1.0
2025-02-04,48,57,10,True,None,Tuesday,2,4,1,0.0,0.0,1.0,0.0,0.0
2025-02-04,47,61,17,True,None,Tuesday,2,4,1,0.0,0.0,1.0,1.0,0.0
2025-02-04,11,22,11,True,None,Tuesday,2,4,1,0.0,0.0,1.0,0.0,1.0
2025-02-04,13,23,14,True,None,Tuesday,2,4,1,1.0,0.0,0.0,0.0,0.0
2025-02-04,16,30,17,True,None,Tuesday,2,4,1,1.0,0.0,0.0,1.0,0.0
2025-02-04,8,17,11,True,None,Tuesday,2,4,1,1.0,0.0,0.0,0.0,1.0
2025-02-04,29,42,15,True,None,Tuesday,2,4,1,0.0,1.0,0.0,0.0,0.0
2025-02-04,35,48,17,True,None,Tuesday,2,4,1,0.0,1.0,0.0,1.0,0.0
2025-02-04,11,19,12,True,None,Tuesday,2,4,1,0.0,1.0,0.0,0.0,1.0
2025-02-04,26,37,13,True,None,Tuesday,2,4,1,0.0,0.0,0.0,0.0,0.0
2025-02-04,35,43,12,True,None,Tuesday,2,4,1,0.0,0.0,0.0,1.0,0.0
2025-02-04,19,27,8,True,None,Tuesday,2,4,1,0.0,0.0,0.0,0.0,1.0
2025-02-05,31,39,11,True,None,Wednesday,2,5,2,0.0,0.0,1.0,0.0,0.0
2025-02-05,36,41,5,True,None,Wednesday,2,5,2,0.0,0.0,1.0,1.0,0.0
2025-02-05,10,23,17,True,None,Wednesday,2,5,2,0.0,0.0,1.0,0.0,1.0
2025-02-05,17,29,14,True,None,Wednesday,2,5,2,1.0,0.0,0.0,0.0,0.0
2025-02-05,15,22,9,True,None,Wednesday,2,5,2,1.0,0.0,0.0,1.0,0.0
2025-02-05,10,17,10,True,None,Wednesday,2,5,2,1.0,0.0,0.0,0.0,1.0
2025-02-05,29,43,16,True,None,Wednesday,2,5,2,0.0,1.0,0.0,0.0,0.0
2025-02-05,23,35,14,True,None,Wednesday,2,5,2,0.0,1.0,0.0,1.0,0.0
2025-02-05,15,21,10,True,None,Wednesday,2,5,2,0.0,1.0,0.0,0.0,1.0
2025-02-05,51,58,8,True,None,Wednesday,2,5,2,0.0,0.0,0.0,0.0,0.0
2025-02-05,47,59,15,True,None,Wednesday,2,5,2,0.0,0.0,0.0,1.0,0.0
2025-02-05,17,26,9,True,None,Wednesday,2,5,2,0.0,0.0,0.0,0.0,1.0
2025-02-06,36,50,18,True,None,Thursday,2,6,3,0.0,0.0,1.0,0.0,0.0
2025-02-06,28,35,10,True,None,Thursday,2,6,3,0.0,0.0,1.0,1.0,0.0
2025-02-06,25,33,8,True,None,Thursday,2,6,3,0.0,0.0,1.0,0.0,1.0
2025-02-06,23,29,10,True,None,Thursday,2,6,3,1.0,0.0,0.0,0.0,0.0
2025-02-06,18,31,15,True,None,Thursday,2,6,3,1.0,0.0,0.0,1.0,0.0
2025-02-06,8,14,6,True,None,Thursday,2,6,3,1.0,0.0,0.0,0.0,1.0
2025-02-06,23,33,10,True,None,Thursday,2,6,3,0.0,1.0,0.0,0.0,0.0
2025-02-06,25,34,9,True,None,Thursday,2,6,3,0.0,1.0,0.0,1.0,0.0
2025-02-06,11,19,8,True,None,Thursday,2,6,3,0.0,1.0,0.0,0.0,1.0
2025-02-06,49,59,10,True,None,Thursday,2,6,3,0.0,0.0,0.0,0.0,0.0
2025-02-06,30,43,13,True,None,Thursday,2,6,3,0.0,0.0,0.0,1.0,0.0
2025-02-06,13,21,11,True,None,Thursday,2,6,3,0.0,0.0,0.0,0.0,1.0
2025-02-07,29,34,8,True,None,Friday,2,7,4,0.0,0.0,1.0,0.0,0.0
2025-02-07,34,39,5,True,None,Friday,2,7,4,0.0,0.0,1.0,1.0,0.0
2025-02-07,13,21,9,True,None,Friday,2,7,4,0.0,0.0,1.0,0.0,1.0
2025-02-07,19,30,14,True,None,Friday,2,7,4,1.0,0.0,0.0,0.0,0.0
2025-02-07,16,26,10,True,None,Friday,2,7,4,1.0,0.0,0.0,1.0,0.0
2025-02-07,9,23,14,True,None,Friday,2,7,4,1.0,0.0,0.0,0.0,1.0
2025-02-07,21,32,12,True,None,Friday,2,7,4,0.0,1.0,0.0,0.0,0.0
2025-02-07,30,39,11,True,None,Friday,2,7,4,0.0,1.0,0.0,1.0,0.0
2025-02-07,12,24,15,True,None,Friday,2,7,4,0.0,1.0,0.0,0.0,1.0
2025-02-07,38,47,11,True,None,Friday,2,7,4,0.0,0.0,0.0,0.0,0.0
2025-02-07,33,43,10,True,None,Friday,2,7,4,0.0,0.0,0.0,1.0,0.0
2025-02-07,17,26,11,True,None,Friday,2,7,4,0.0,0.0,0.0,0.0,1.0
2025-02-08,22,35,15,False,None,Saturday,2,8,5,0.0,0.0,1.0,0.0,0.0
2025-02-08,23,34,14,False,None,Saturday,2,8,5,0.0,0.0,1.0,1.0,0.0
2025-02-08,12,26,14,False,None,Saturday,2,8,5,0.0,0.0,1.0,0.0,1.0
2025-02-08,7,20,17,False,None,Saturday,2,8,5,1.0,0.0,0.0,0.0,0.0
2025-02-08,7,12,7,False,None,Saturday,2,8,5,1.0,0.0,0.0,1.0,0.0
2025-02-08,5,17,13,False,None,Saturday,2,8,5,1.0,0.0,0.0,0.0,1.0
2025-02-08,20,31,13,False,None,Saturday,2,8,5,0.0,1.0,0.0,0.0,0.0
2025-02-08,9,22,16,False,None,Saturday,2,8,5,0.0,1.0,0.0,1.0,0.0
2025-02-08,6,20,14,False,None,Saturday,2,8,5,0.0,1.0,0.0,0.0,1.0
2025-02-08,33,46,15,False,None,Saturday,2,8,5,0.0,0.0,0.0,0.0,0.0
2025-02-08,22,30,8,False,None,Saturday,2,8,5,0.0,0.0,0.0,1.0,0.0
2025-02-08,7,16,11,False,None,Saturday,2,8,5,0.0,0.0,0.0,0.0,1.0
2025-02-09,19,25,6,False,None,Sunday,2,9,6,0.0,0.0,1.0,0.0,0.0
2025-02-09,11,19,8,False,None,Sunday,2,9,6,0.0,0.0,1.0,1.0,0.0
2025-02-09,12,25,16,False,None,Sunday,2,9,6,0.0,0.0,1.0,0.0,1.0
2025-02-09,12,19,10,False,None,Sunday,2,9,6,1.0,0.0,0.0,0.0,0.0
2025-02-09,11,25,15,False,None,Sunday,2,9,6,1.0,0.0,0.0,1.0,0.0
2025-02-09,5,10,5,False,None,Sunday,2,9,6,1.0,0.0,0.0,0.0,1.0
2025-02-09,25,31,8,False,None,Sunday,2,9,6,0.0,1.0,0.0,0.0,0.0
2025-02-09,12,18,7,False,None,Sunday,2,9,6,0.0,1.0,0.0,1.0,0.0
2025-02-09,9,23,14,False,None,Sunday,2,9,6,0.0,1.0,0.0,0.0,1.0
2025-02-09,39,52,13,False,None,Sunday,2,9,6,0.0,0.0,0.0,0.0,0.0
2025-02-09,32,41,10,False,None,Sunday,2,9,6,0.0,0.0,0.0,1.0,0.0
2025-02-09,13,23,11,False,None,Sunday,2,9,6,0.0,0.0,0.0,0.0,1.0
2025-02-10,36,45,12,True,None,Monday,2,10,0,0.0,0.0,1.0,0.0,0.0
2025-02-10,30,44,14,True,None,Monday,2,10,0,0.0,0.0,1.0,1.0,0.0
2025-02-10,11,22,15,True,None,Monday,2,10,0,0.0,0.0,1.0,0.0,1.0
2025-02-10,18,23,7,True,None,Monday,2,10,0,1.0,0.0,0.0,0.0,0.0
2025-02-10,14,19,9,True,None,Monday,2,10,0,1.0,0.0,0.0,1.0,0.0
2025-02-10,6,13,10,True,None,Monday,2,10,0,1.0,0.0,0.0,0.0,1.0
2025-02-10,24,36,13,True,None,Monday,2,10,0,0.0,1.0,0.0,0.0,0.0
2025-02-10,24,38,17,True,None,Monday,2,10,0,0.0,1.0,0.0,1.0,0.0
2025-02-10,8,17,12,True,None,Monday,2,10,0,0.0,1.0,0.0,0.0,1.0
2025-02-10,48,62,14,True,None,Monday,2,10,0,0.0,0.0,0.0,0.0,0.0
2025-02-10,35,45,12,True,None,Monday,2,10,0,0.0,0.0,0.0,1.0,0.0
2025-02-10,23,36,17,True,None,Monday,2,10,0,0.0,0.0,0.0,0.0,1.0
2025-02-11,39,50,13,True,None,Tuesday,2,11,1,0.0,0.0,1.0,0.0,0.0
2025-02-11,30,43,17,True,None,Tuesday,2,11,1,0.0,0.0,1.0,1.0,0.0
2025-02-11,14,22,12,True,None,Tuesday,2,11,1,0.0,0.0,1.0,0.0,1.0
2025-02-11,13,19,10,True,None,Tuesday,2,11,1,1.0,0.0,0.0,0.0,0.0
2025-02-11,18,28,10,True,None,Tuesday,2,11,1,1.0,0.0,0.0,1.0,0.0
2025-02-11,7,21,17,True,None,Tuesday,2,11,1,1.0,0.0,0.0,0.0,1.0
2025-02-11,24,34,12,True,None,Tuesday,2,11,1,0.0,1.0,0.0,0.0,0.0
2025-02-11,21,33,14,True,None,Tuesday,2,11,1,0.0,1.0,0.0,1.0,0.0
2025-02-11,11,16,7,True,None,Tuesday,2,11,1,0.0,1.0,0.0,0.0,1.0
2025-02-11,49,63,14,True,None,Tuesday,2,11,1,0.0,0.0,0.0,0.0,0.0
2025-02-11,33,43,10,True,None,Tuesday,2,11,1,0.0,0.0,0.0,1.0,0.0
2025-02-11,20,25,9,True,None,Tuesday,2,11,1,0.0,0.0,0.0,0.0,1.0
2025-02-12,28,40,13,True,None,Wednesday,2,12,2,0.0,0.0,1.0,0.0,0.0
2025-02-12,31,45,14,True,None,Wednesday,2,12,2,0.0,0.0,1.0,1.0,0.0
2025-02-12,16,27,15,True,None,Wednesday,2,12,2,0.0,0.0,1.0,0.0,1.0
2025-02-12,22,35,15,True,None,Wednesday,2,12,2,1.0,0.0,0.0,0.0,0.0
2025-02-12,15,24,11,True,None,Wednesday,2,12,2,1.0,0.0,0.0,1.0,0.0
2025-02-12,4,9,9,True,None,Wednesday,2,12,2,1.0,0.0,0.0,0.0,1.0
2025-02-12,32,39,10,True,None,Wednesday,2,12,2,0.0,1.0,0.0,0.0,0.0
2025-02-12,21,28,9,True,None,Wednesday,2,12,2,0.0,1.0,0.0,1.0,0.0
2025-02-12,10,23,14,True,None,Wednesday,2,12,2,0.0,1.0,0.0,0.0,1.0
2025-02-12,55,67,15,True,None,Wednesday,2,12,2,0.0,0.0,0.0,0.0,0.0
2025-02-12,32,40,8,True,None,Wednesday,2,12,2,0.0,0.0,0.0,1.0,0.0
2025-02-12,8,15,9,True,None,Wednesday,2,12,2,0.0,0.0,0.0,0.0,1.0
2025-02-13,40,48,10,True,None,Thursday,2,13,3,0.0,0.0,1.0,0.0,0.0
2025-02-13,34,40,6,True,None,Thursday,2,13,3,0.0,0.0,1.0,1.0,0.0
2025-02-13,13,19,10,True,None,Thursday,2,13,3,0.0,0.0,1.0,0.0,1.0
2025-02-13,12,20,8,True,None,Thursday,2,13,3,1.0,0.0,0.0,0.0,0.0
2025-02-13,17,28,12,True,None,Thursday,2,13,3,1.0,0.0,0.0,1.0,0.0
2025-02-13,4,17,16,True,None,Thursday,2,13,3,1.0,0.0,0.0,0.0,1.0
2025-02-13,25,36,13,True,None,Thursday,2,13,3,0.0,1.0,0.0,0.0,0.0
2025-02-13,22,36,18,True,None,Thursday,2,13,3,0.0,1.0,0.0,1.0,0.0
2025-02-13,11,25,18,True,None,Thursday,2,13,3,0.0,1.0,0.0,0.0,1.0
2025-02-13,49,61,14,True,None,Thursday,2,13,3,0.0,0.0,0.0,0.0,0.0
2025-02-13,32,38,9,True,None,Thursday,2,13,3,0.0,0.0,0.0,1.0,0.0
2025-02-13,21,26,6,True,None,Thursday,2,13,3,0.0,0.0,0.0,0.0,1.0
2025-02-14,40,54,15,True,None,Friday,2,14,4,0.0,0.0,1.0,0.0,0.0
2025-02-14,45,55,10,True,None,Friday,2,14,4,0.0,0.0,1.0,1.0,0.0
2025-02-14,16,25,10,True,None,Friday,2,14,4,0.0,0.0,1.0,0.0,1.0
2025-02-14,15,26,12,True,None,Friday,2,14,4,1.0,0.0,0.0,0.0,0.0
2025-02-14,19,29,13,True,None,Friday,2,14,4,1.0,0.0,0.0,1.0,0.0
2025-02-14,8,20,13,True,None,Friday,2,14,4,1.0,0.0,0.0,0.0,1.0
2025-02-14,32,44,16,True,None,Friday,2,14,4,0.0,1.0,0.0,0.0,0.0
2025-02-14,22,28,7,True,None,Friday,2,14,4,0.0,1.0,0.0,1.0,0.0
2025-02-14,13,20,11,True,None,Friday,2,14,4,0.0,1.0,0.0,0.0,1.0
2025-02-14,43,52,11,True,None,Friday,2,14,4,0.0,0.0,0.0,0.0,0.0
2025-02-14,49,57,10,True,None,Friday,2,14,4,0.0,0.0,0.0,1.0,0.0
2025-02-14,17,24,7,True,None,Friday,2,14,4,0.0,0.0,0.0,0.0,1.0
2025-02-15,15,22,9,False,None,Saturday,2,15,5,0.0,0.0,1.0,0.0,0.0
2025-02-15,23,36,16,False,None,Saturday,2,15,5,0.0,0.0,1.0,1.0,0.0
2025-02-15,17,26,12,False,None,Saturday,2,15,5,0.0,0.0,1.0,0.0,1.0
2025-02-15,12,25,13,False,None,Saturday,2,15,5,1.0,0.0,0.0,0.0,0.0
2025-02-15,9,19,11,False,None,Saturday,2,15,5,1.0,0.0,0.0,1.0,0.0
2025-02-15,3,8,7,False,None,Saturday,2,15,5,1.0,0.0,0.0,0.0,1.0
2025-02-15,18,24,10,False,None,Saturday,2,15,5,0.0,1.0,0.0,0.0,0.0
2025-02-15,20,30,11,False,None,Saturday,2,15,5,0.0,1.0,0.0,1.0,0.0
2025-02-15,5,10,8,False,None,Saturday,2,15,5,0.0,1.0,0.0,0.0,1.0
2025-02-15,33,45,14,False,None,Saturday,2,15,5,0.0,0.0,0.0,0.0,0.0
2025-02-15,30,43,15,False,None,Saturday,2,15,5,0.0,0.0,0.0,1.0,0.0
2025-02-15,8,13,5,False,None,Saturday,2,15,5,0.0,0.0,0.0,0.0,1.0
2025-02-16,23,31,11,False,None,Sunday,2,16,6,0.0,0.0,1.0,0.0,0.0
2025-02-16,30,36,7,False,None,Sunday,2,16,6,0.0,0.0,1.0,1.0,0.0
2025-02-16,6,14,10,False,None,Sunday,2,16,6,0.0,0.0,1.0,0.0,1.0
2025-02-16,7,18,13,False,None,Sunday,2,16,6,1.0,0.0,0.0,0.0,0.0
2025-02-16,9,21,15,False,None,Sunday,2,16,6,1.0,0.0,0.0,1.0,0.0
2025-02-16,5,13,9,False,None,Sunday,2,16,6,1.0,0.0,0.0,0.0,1.0
2025-02-16,16,28,13,False,None,Sunday,2,16,6,0.0,1.0,0.0,0.0,0.0
2025-02-16,20,29,10,False,None,Sunday,2,16,6,0.0,1.0,0.0,1.0,0.0
2025-02-16,5,16,12,False,None,Sunday,2,16,6,0.0,1.0,0.0,0.0,1.0
2025-02-16,36,48,13,False,None,Sunday,2,16,6,0.0,0.0,0.0,0.0,0.0
2025-02-16,25,31,8,False,None,Sunday,2,16,6,0.0,0.0,0.0,1.0,0.0
2025-02-16,8,19,15,False,None,Sunday,2,16,6,0.0,0.0,0.0,0.0,1.0
2025-02-17,34,40,10,True,None,Monday,2,17,0,0.0,0.0,1.0,0.0,0.0
2025-02-17,35,45,12,True,None,Monday,2,17,0,0.0,0.0,1.0,1.0,0.0
2025-02-17,16,22,9,True,None,Monday,2,17,0,0.0,0.0,1.0,0.0,1.0
2025-02-17,17,29,16,True,None,Monday,2,17,0,1.0,0.0,0.0,0.0,0.0
2025-02-17,21,31,12,True,None,Monday,2,17,0,1.0,0.0,0.0,1.0,0.0
2025-02-17,10,17,10,True,None,Monday,2,17,0,1.0,0.0,0.0,0.0,1.0
2025-02-17,27,37,14,True,None,Monday,2,17,0,0.0,1.0,0.0,0.0,0.0
2025-02-17,24,37,15,True,None,Monday,2,17,0,0.0,1.0,0.0,1.0,0.0
2025-02-17,9,18,12,True,None,Monday,2,17,0,0.0,1.0,0.0,0.0,1.0
2025-02-17,48,57,10,True,None,Monday,2,17,0,0.0,0.0,0.0,0.0,0.0
2025-02-17,39,47,12,True,None,Monday,2,17,0,0.0,0.0,0.0,1.0,0.0
2025-02-17,20,25,8,True,None,Monday,2,17,0,0.0,0.0,0.0,0.0,1.0
2025-02-18,34,42,8,True,None,Tuesday,2,18,1,0.0,0.0,1.0,0.0,0.0
2025-02-18,32,44,13,True,None,Tuesday,2,18,1,0.0,0.0,1.0,1.0,0.0
2025-02-18,22,36,16,True,None,Tuesday,2,18,1,0.0,0.0,1.0,0.0,1.0
2025-02-18,19,32,17,True,None,Tuesday,2,18,1,1.0,0.0,0.0,0.0,0.0
2025-02-18,11,17,6,True,None,Tuesday,2,18,1,1.0,0.0,0.0,1.0,0.0
2025-02-18,9,22,16,True,None,Tuesday,2,18,1,1.0,0.0,0.0,0.0,1.0
2025-02-18,27,38,14,True,None,Tuesday,2,18,1,0.0,1.0,0.0,0.0,0.0
2025-02-18,20,33,13,True,None,Tuesday,2,18,1,0.0,1.0,0.0,1.0,0.0
2025-02-18,8,13,9,True,None,Tuesday,2,18,1,0.0,1.0,0.0,0.0,1.0
2025-02-18,35,47,14,True,None,Tuesday,2,18,1,0.0,0.0,0.0,0.0,0.0
2025-02-18,32,44,13,True,None,Tuesday,2,18,1,0.0,0.0,0.0,1.0,0.0
2025-02-18,17,22,5,True,None,Tuesday,2,18,1,0.0,0.0,0.0,0.0,1.0
2025-02-19,31,40,10,True,None,Wednesday,2,19,2,0.0,0.0,1.0,0.0,0.0
2025-02-19,28,35,7,True,None,Wednesday,2,19,2,0.0,0.0,1.0,1.0,0.0
2025-02-19,12,24,12,True,None,Wednesday,2,19,2,0.0,0.0,1.0,0.0,1.0
2025-02-19,16,28,14,True,None,Wednesday,2,19,2,1.0,0.0,0.0,0.0,0.0
2025-02-19,17,27,12,True,None,Wednesday,2,19,2,1.0,0.0,0.0,1.0,0.0
2025-02-19,8,22,14,True,None,Wednesday,2,19,2,1.0,0.0,0.0,0.0,1.0
2025-02-19,30,37,8,True,None,Wednesday,2,19,2,0.0,1.0,0.0,0.0,0.0
2025-02-19,20,32,14,True,None,Wednesday,2,19,2,0.0,1.0,0.0,1.0,0.0
2025-02-19,15,27,12,True,None,Wednesday,2,19,2,0.0,1.0,0.0,0.0,1.0
2025-02-19,58,64,9,True,None,Wednesday,2,19,2,0.0,0.0,0.0,0.0,0.0
2025-02-19,33,45,15,True,None,Wednesday,2,19,2,0.0,0.0,0.0,1.0,0.0
2025-02-19,15,28,14,True,None,Wednesday,2,19,2,0.0,0.0,0.0,0.0,1.0
2025-02-20,30,40,11,True,None,Thursday,2,20,3,0.0,0.0,1.0,0.0,0.0
2025-02-20,40,52,13,True,None,Thursday,2,20,3,0.0,0.0,1.0,1.0,0.0
2025-02-20,10,17,8,True,None,Thursday,2,20,3,0.0,0.0,1.0,0.0,1.0
2025-02-20,17,31,15,True,None,Thursday,2,20,3,1.0,0.0,0.0,0.0,0.0
2025-02-20,20,31,14,True,None,Thursday,2,20,3,1.0,0.0,0.0,1.0,0.0
2025-02-20,5,18,16,True,None,Thursday,2,20,3,1.0,0.0,0.0,0.0,1.0
2025-02-20,33,38,8,True,None,Thursday,2,20,3,0.0,1.0,0.0,0.0,0.0
2025-02-20,20,34,17,True,None,Thursday,2,20,3,0.0,1.0,0.0,1.0,0.0
2025-02-20,13,25,12,True,None,Thursday,2,20,3,0.0,1.0,0.0,0.0,1.0
2025-02-20,43,54,14,True,None,Thursday,2,20,3,0.0,0.0,0.0,0.0,0.0
2025-02-20,40,47,9,True,None,Thursday,2,20,3,0.0,0.0,0.0,1.0,0.0
2025-02-20,17,25,8,True,None,Thursday,2,20,3,0.0,0.0,0.0,0.0,1.0
2025-02-21,26,35,10,True,None,Friday,2,21,4,0.0,0.0,1.0,0.0,0.0
2025-02-21,32,44,14,True,None,Friday,2,21,4,0.0,0.0,1.0,1.0,0.0
2025-02-21,7,12,8,True,None,Friday,2,21,4,0.0,0.0,1.0,0.0,1.0
2025-02-21,19,30,12,True,None,Friday,2,21,4,1.0,0.0,0.0,0.0,0.0
2025-02-21,19,29,13,True,None,Friday,2,21,4,1.0,0.0,0.0,1.0,0.0
2025-02-21,6,11,9,True,None,Friday,2,21,4,1.0,0.0,0.0,0.0,1.0
2025-02-21,29,43,15,True,None,Friday,2,21,4,0.0,1.0,0.0,0.0,0.0
2025-02-21,23,35,12,True,None,Friday,2,21,4,0.0,1.0,0.0,1.0,0.0
2025-02-21,9,14,5,True,None,Friday,2,21,4,0.0,1.0,0.0,0.0,1.0
2025-02-21,42,49,11,True,None,Friday,2,21,4,0.0,0.0,0.0,0.0,0.0
2025-02-21,40,45,9,True,None,Friday,2,21,4,0.0,0.0,0.0,1.0,0.0
2025-02-21,14,23,10,True,None,Friday,2,21,4,0.0,0.0,0.0,0.0,1.0
2025-02-22,27,41,18,False,None,Saturday,2,22,5,0.0,0.0,1.0,0.0,0.0
2025-02-22,18,24,7,False,None,Saturday,2,22,5,0.0,0.0,1.0,1.0,0.0
2025-02-22,10,17,8,False,None,Saturday,2,22,5,0.0,0.0,1.0,0.0,1.0
2025-02-22,13,19,6,False,None,Saturday,2,22,5,1.0,0.0,0.0,0.0,0.0
2025-02-22,10,20,11,False,None,Saturday,2,22,5,1.0,0.0,0.0,1.0,0.0
2025-02-22,4,12,12,False,None,Saturday,2,22,5,1.0,0.0,0.0,0.0,1.0
2025-02-22,14,20,8,False,None,Saturday,2,22,5,0.0,1.0,0.0,0.0,0.0
2025-02-22,12,25,17,False,None,Saturday,2,22,5,0.0,1.0,0.0,1.0,0.0
2025-02-22,5,19,15,False,None,Saturday,2,22,5,0.0,1.0,0.0,0.0,1.0
2025-02-22,28,39,15,False,None,Saturday,2,22,5,0.0,0.0,0.0,0.0,0.0
2025-02-22,22,33,12,False,None,Saturday,2,22,5,0.0,0.0,0.0,1.0,0.0
2025-02-22,16,29,17,False,None,Saturday,2,22,5,0.0,0.0,0.0,0.0,1.0
2025-02-23,31,43,14,False,None,Sunday,2,23,6,0.0,0.0,1.0,0.0,0.0
2025-02-23,22,27,8,False,None,Sunday,2,23,6,0.0,0.0,1.0,1.0,0.0
2025-02-23,10,23,16,False,None,Sunday,2,23,6,0.0,0.0,1.0,0.0,1.0
2025-02-23,8,14,6,False,None,Sunday,2,23,6,1.0,0.0,0.0,0.0,0.0
2025-02-23,8,22,16,False,None,Sunday,2,23,6,1.0,0.0,0.0,1.0,0.0
2025-02-23,7,21,15,False,None,Sunday,2,23,6,1.0,0.0,0.0,0.0,1.0
2025-02-23,11,22,11,False,None,Sunday,2,23,6,0.0,1.0,0.0,0.0,0.0
2025-02-23,7,13,7,False,None,Sunday,2,23,6,0.0,1.0,0.0,1.0,0.0
2025-02-23,4,10,9,False,None,Sunday,2,23,6,0.0,1.0,0.0,0.0,1.0
2025-02-23,25,32,8,False,None,Sunday,2,23,6,0.0,0.0,0.0,0.0,0.0
2025-02-23,32,42,10,False,None,Sunday,2,23,6,0.0,0.0,0.0,1.0,0.0
2025-02-23,15,29,17,False,None,Sunday,2,23,6,0.0,0.0,0.0,0.0,1.0
2025-02-24,33,43,11,True,None,Monday,2,24,0,0.0,0.0,1.0,0.0,0.0
2025-02-24,20,32,15,True,None,Monday,2,24,0,0.0,0.0,1.0,1.0,0.0
2025-02-24,13,18,9,True,None,Monday,2,24,0,0.0,0.0,1.0,0.0,1.0
2025-02-24,16,28,16,True,None,Monday,2,24,0,1.0,0.0,0.0,0.0,0.0
2025-02-24,9,19,14,True,None,Monday,2,24,0,1.0,0.0,0.0,1.0,0.0
2025-02-24,11,20,13,True,None,Monday,2,24,0,1.0,0.0,0.0,0.0,1.0
2025-02-24,31,39,8,True,None,Monday,2,24,0,0.0,1.0,0.0,0.0,0.0
2025-02-24,20,30,11,True,None,Monday,2,24,0,0.0,1.0,0.0,1.0,0.0
2025-02-24,4,11,8,True,None,Monday,2,24,0,0.0,1.0,0.0,0.0,1.0
2025-02-24,38,46,11,True,None,Monday,2,24,0,0.0,0.0,0.0,0.0,0.0
2025-02-24,48,59,13,True,None,Monday,2,24,0,0.0,0.0,0.0,1.0,0.0
2025-02-24,17,30,16,True,None,Monday,2,24,0,0.0,0.0,0.0,0.0,1.0
2025-02-25,39,45,10,True,None,Tuesday,2,25,1,0.0,0.0,1.0,0.0,0.0
2025-02-25,25,34,10,True,None,Tuesday,2,25,1,0.0,0.0,1.0,1.0,0.0
2025-02-25,14,28,16,True,None,Tuesday,2,25,1,0.0,0.0,1.0,0.0,1.0
2025-02-25,19,26,11,True,None,Tuesday,2,25,1,1.0,0.0,0.0,0.0,0.0
2025-02-25,19,33,15,True,None,Tuesday,2,25,1,1.0,0.0,0.0,1.0,0.0
2025-02-25,6,17,15,True,None,Tuesday,2,25,1,1.0,0.0,0.0,0.0,1.0
2025-02-25,32,38,9,True,None,Tuesday,2,25,1,0.0,1.0,0.0,0.0,0.0
2025-02-25,19,25,7,True,None,Tuesday,2,25,1,0.0,1.0,0.0,1.0,0.0
2025-02-25,15,29,16,True,None,Tuesday,2,25,1,0.0,1.0,0.0,0.0,1.0
2025-02-25,53,67,16,True,None,Tuesday,2,25,1,0.0,0.0,0.0,0.0,0.0
2025-02-25,41,47,9,True,None,Tuesday,2,25,1,0.0,0.0,0.0,1.0,0.0
2025-02-25,13,27,17,True,None,Tuesday,2,25,1,0.0,0.0,0.0,0.0,1.0
2025-02-26,48,60,12,True,None,Wednesday,2,26,2,0.0,0.0,1.0,0.0,0.0
2025-02-26,34,44,14,True,None,Wednesday,2,26,2,0.0,0.0,1.0,1.0,0.0
2025-02-26,12,18,9,True,None,Wednesday,2,26,2,0.0,0.0,1.0,0.0,1.0
2025-02-26,16,29,14,True,None,Wednesday,2,26,2,1.0,0.0,0.0,0.0,0.0
2025-02-26,9,17,11,True,None,Wednesday,2,26,2,1.0,0.0,0.0,1.0,0.0
2025-02-26,10,19,10,True,None,Wednesday,2,26,2,1.0,0.0,0.0,0.0,1.0
2025-02-26,28,40,13,True,None,Wednesday,2,26,2,0.0,1.0,0.0,0.0,0.0
2025-02-26,32,44,15,True,None,Wednesday,2,26,2,0.0,1.0,0.0,1.0,0.0
2025-02-26,12,20,11,True,None,Wednesday,2,26,2,0.0,1.0,0.0,0.0,1.0
2025-02-26,59,68,12,True,None,Wednesday,2,26,2,0.0,0.0,0.0,0.0,0.0
2025-02-26,36,47,14,True,None,Wednesday,2,26,2,0.0,0.0,0.0,1.0,0.0
2025-02-26,16,27,14,True,None,Wednesday,2,26,2,0.0,0.0,0.0,0.0,1.0
2025-02-27,47,53,10,True,None,Thursday,2,27,3,0.0,0.0,1.0,0.0,0.0
2025-02-27,23,35,14,True,None,Thursday,2,27,3,0.0,0.0,1.0,1.0,0.0
2025-02-27,12,21,11,True,None,Thursday,2,27,3,0.0,0.0,1.0,0.0,1.0
2025-02-27,16,26,14,True,None,Thursday,2,27,3,1.0,0.0,0.0,0.0,0.0
2025-02-27,25,38,17,True,None,Thursday,2,27,3,1.0,0.0,0.0,1.0,0.0
2025-02-27,6,14,11,True,None,Thursday,2,27,3,1.0,0.0,0.0,0.0,1.0
2025-02-27,19,29,12,True,None,Thursday,2,27,3,0.0,1.0,0.0,0.0,0.0
2025-02-27,24,31,10,True,None,Thursday,2,27,3,0.0,1.0,0.0,1.0,0.0
2025-02-27,12,26,18,True,None,Thursday,2,27,3,0.0,1.0,0.0,0.0,1.0
2025-02-27,41,49,12,True,None,Thursday,2,27,3,0.0,0.0,0.0,0.0,0.0
2025-02-27,43,50,11,True,None,Thursday,2,27,3,0.0,0.0,0.0,1.0,0.0
2025-02-27,19,27,8,True,None,Thursday,2,27,3,0.0,0.0,0.0,0.0,1.0
2025-02-28,42,49,9,True,None,Friday,2,28,4,0.0,0.0,1.0,0.0,0.0
2025-02-28,33,46,16,True,None,Friday,2,28,4,0.0,0.0,1.0,1.0,0.0
2025-02-28,14,24,12,True,None,Friday,2,28,4,0.0,0.0,1.0,0.0,1.0
2025-02-28,14,28,15,True,None,Friday,2,28,4,1.0,0.0,0.0,0.0,0.0
2025-02-28,10,23,16,True,None,Friday,2,28,4,1.0,0.0,0.0,1.0,0.0
2025-02-28,6,16,11,True,None,Friday,2,28,4,1.0,0.0,0.0,0.0,1.0
2025-02-28,27,35,8,True,None,Friday,2,28,4,0.0,1.0,0.0,0.0,0.0
2025-02-28,25,37,14,True,None,Friday,2,28,4,0.0,1.0,0.0,1.0,0.0
2025-02-28,14,21,11,True,None,Friday,2,28,4,0.0,1.0,0.0,0.0,1.0
2025-02-28,46,59,17,True,None,Friday,2,28,4,0.0,0.0,0.0,0.0,0.0
2025-02-28,44,57,16,True,None,Friday,2,28,4,0.0,0.0,0.0,1.0,0.0
2025-02-28,20,25,6,True,None,Friday,2,28,4,0.0,0.0,0.0,0.0,1.0
2025-03-01,23,34,15,False,None,Saturday,3,1,5,0.0,0.0,1.0,0.0,0.0
2025-03-01,14,27,14,False,None,Saturday,3,1,5,0.0,0.0,1.0,1.0,0.0
2025-03-01,6,14,12,False,None,Saturday,3,1,5,0.0,0.0,1.0,0.0,1.0
2025-03-01,17,30,15,False,None,Saturday,3,1,5,1.0,0.0,0.0,0.0,0.0
2025-03-01,11,25,14,False,None,Saturday,3,1,5,1.0,0.0,0.0,1.0,0.0
2025-03-01,7,15,8,False,None,Saturday,3,1,5,1.0,0.0,0.0,0.0,1.0
2025-03-01,12,18,9,False,None,Saturday,3,1,5,0.0,1.0,0.0,0.0,0.0
2025-03-01,18,32,17,False,None,Saturday,3,1,5,0.0,1.0,0.0,1.0,0.0
2025-03-01,10,17,9,False,None,Saturday,3,1,5,0.0,1.0,0.0,0.0,1.0
2025-03-01,29,34,6,False,None,Saturday,3,1,5,0.0,0.0,0.0,0.0,0.0
2025-03-01,25,35,12,False,None,Saturday,3,1,5,0.0,0.0,0.0,1.0,0.0
2025-03-01,10,21,15,False,None,Saturday,3,1,5,0.0,0.0,0.0,0.0,1.0
2025-03-02,39,49,13,False,None,Sunday,3,2,6,0.0,0.0,1.0,0.0,0.0
2025-03-02,21,30,9,False,None,Sunday,3,2,6,0.0,0.0,1.0,1.0,0.0
2025-03-02,7,16,10,False,None,Sunday,3,2,6,0.0,0.0,1.0,0.0,1.0
2025-03-02,13,23,11,False,None,Sunday,3,2,6,1.0,0.0,0.0,0.0,0.0
2025-03-02,9,14,8,False,None,Sunday,3,2,6,1.0,0.0,0.0,1.0,0.0
2025-03-02,4,16,13,False,None,Sunday,3,2,6,1.0,0.0,0.0,0.0,1.0
2025-03-02,23,36,13,False,None,Sunday,3,2,6,0.0,1.0,0.0,0.0,0.0
2025-03-02,21,28,7,False,None,Sunday,3,2,6,0.0,1.0,0.0,1.0,0.0
2025-03-02,6,17,12,False,None,Sunday,3,2,6,0.0,1.0,0.0,0.0,1.0
2025-03-02,20,27,9,False,None,Sunday,3,2,6,0.0,0.0,0.0,0.0,0.0
2025-03-02,30,37,10,False,None,Sunday,3,2,6,0.0,0.0,0.0,1.0,0.0
2025-03-02,11,18,9,False,None,Sunday,3,2,6,0.0,0.0,0.0,0.0,1.0
2025-03-03,34,42,11,True,None,Monday,3,3,0,0.0,0.0,1.0,0.0,0.0
2025-03-03,32,39,7,True,None,Monday,3,3,0,0.0,0.0,1.0,1.0,0.0
2025-03-03,6,16,11,True,None,Monday,3,3,0,0.0,0.0,1.0,0.0,1.0
2025-03-03,13,22,12,True,None,Monday,3,3,0,1.0,0.0,0.0,0.0,0.0
2025-03-03,20,33,14,True,None,Monday,3,3,0,1.0,0.0,0.0,1.0,0.0
2025-03-03,4,17,15,True,None,Monday,3,3,0,1.0,0.0,0.0,0.0,1.0
2025-03-03,30,43,14,True,None,Monday,3,3,0,0.0,1.0,0.0,0.0,0.0
2025-03-03,32,38,8,True,None,Monday,3,3,0,0.0,1.0,0.0,1.0,0.0
2025-03-03,12,25,16,True,None,Monday,3,3,0,0.0,1.0,0.0,0.0,1.0
2025-03-03,47,60,14,True,None,Monday,3,3,0,0.0,0.0,0.0,0.0,0.0
2025-03-03,30,39,9,True,None,Monday,3,3,0,0.0,0.0,0.0,1.0,0.0
2025-03-03,9,15,7,True,None,Monday,3,3,0,0.0,0.0,0.0,0.0,1.0
2025-03-04,37,43,6,True,None,Tuesday,3,4,1,0.0,0.0,1.0,0.0,0.0
2025-03-04,34,45,15,True,None,Tuesday,3,4,1,0.0,0.0,1.0,1.0,0.0
2025-03-04,17,22,7,True,None,Tuesday,3,4,1,0.0,0.0,1.0,0.0,1.0
2025-03-04,21,33,14,True,None,Tuesday,3,4,1,1.0,0.0,0.0,0.0,0.0
2025-03-04,14,19,7,True,None,Tuesday,3,4,1,1.0,0.0,0.0,1.0,0.0
2025-03-04,8,18,13,True,None,Tuesday,3,4,1,1.0,0.0,0.0,0.0,1.0
2025-03-04,30,42,15,True,None,Tuesday,3,4,1,0.0,1.0,0.0,0.0,0.0
2025-03-04,27,41,18,True,None,Tuesday,3,4,1,0.0,1.0,0.0,1.0,0.0
2025-03-04,9,20,15,True,None,Tuesday,3,4,1,0.0,1.0,0.0,0.0,1.0
2025-03-04,47,52,9,True,None,Tuesday,3,4,1,0.0,0.0,0.0,0.0,0.0
2025-03-04,38,44,8,True,None,Tuesday,3,4,1,0.0,0.0,0.0,1.0,0.0
2025-03-04,23,34,12,True,None,Tuesday,3,4,1,0.0,0.0,0.0,0.0,1.0
2025-03-05,33,46,17,True,None,Wednesday,3,5,2,0.0,0.0,1.0,0.0,0.0
2025-03-05,35,40,8,True,None,Wednesday,3,5,2,0.0,0.0,1.0,1.0,0.0
2025-03-05,11,16,8,True,None,Wednesday,3,5,2,0.0,0.0,1.0,0.0,1.0
2025-03-05,18,24,6,True,None,Wednesday,3,5,2,1.0,0.0,0.0,0.0,0.0
2025-03-05,15,25,14,True,None,Wednesday,3,5,2,1.0,0.0,0.0,1.0,0.0
2025-03-05,4,11,8,True,None,Wednesday,3,5,2,1.0,0.0,0.0,0.0,1.0
2025-03-05,30,42,16,True,None,Wednesday,3,5,2,0.0,1.0,0.0,0.0,0.0
2025-03-05,20,33,17,True,None,Wednesday,3,5,2,0.0,1.0,0.0,1.0,0.0
2025-03-05,11,17,6,True,None,Wednesday,3,5,2,0.0,1.0,0.0,0.0,1.0
2025-03-05,41,52,13,True,None,Wednesday,3,5,2,0.0,0.0,0.0,0.0,0.0
2025-03-05,41,54,13,True,None,Wednesday,3,5,2,0.0,0.0,0.0,1.0,0.0
2025-03-05,16,28,13,True,None,Wednesday,3,5,2,0.0,0.0,0.0,0.0,1.0
2025-03-06,32,42,14,True,None,Thursday,3,6,3,0.0,0.0,1.0,0.0,0.0
2025-03-06,30,41,12,True,None,Thursday,3,6,3,0.0,0.0,1.0,1.0,0.0
2025-03-06,15,28,16,True,None,Thursday,3,6,3,0.0,0.0,1.0,0.0,1.0
2025-03-06,20,33,14,True,None,Thursday,3,6,3,1.0,0.0,0.0,0.0,0.0
2025-03-06,23,30,7,True,None,Thursday,3,6,3,1.0,0.0,0.0,1.0,0.0
2025-03-06,11,24,17,True,None,Thursday,3,6,3,1.0,0.0,0.0,0.0,1.0
2025-03-06,26,38,12,True,None,Thursday,3,6,3,0.0,1.0,0.0,0.0,0.0
2025-03-06,27,39,15,True,None,Thursday,3,6,3,0.0,1.0,0.0,1.0,0.0
2025-03-06,9,20,11,True,None,Thursday,3,6,3,0.0,1.0,0.0,0.0,1.0
2025-03-06,37,48,11,True,None,Thursday,3,6,3,0.0,0.0,0.0,0.0,0.0
2025-03-06,38,49,13,True,None,Thursday,3,6,3,0.0,0.0,0.0,1.0,0.0
2025-03-06,15,25,13,True,None,Thursday,3,6,3,0.0,0.0,0.0,0.0,1.0
2025-03-07,41,48,7,True,None,Friday,3,7,4,0.0,0.0,1.0,0.0,0.0
2025-03-07,29,40,13,True,None,Friday,3,7,4,0.0,0.0,1.0,1.0,0.0
2025-03-07,19,29,13,True,None,Friday,3,7,4,0.0,0.0,1.0,0.0,1.0
2025-03-07,16,29,15,True,None,Friday,3,7,4,1.0,0.0,0.0,0.0,0.0
2025-03-07,12,20,10,True,None,Friday,3,7,4,1.0,0.0,0.0,1.0,0.0
2025-03-07,12,19,8,True,None,Friday,3,7,4,1.0,0.0,0.0,0.0,1.0
2025-03-07,17,24,8,True,None,Friday,3,7,4,0.0,1.0,0.0,0.0,0.0
2025-03-07,15,26,13,True,None,Friday,3,7,4,0.0,1.0,0.0,1.0,0.0
2025-03-07,9,22,17,True,None,Friday,3,7,4,0.0,1.0,0.0,0.0,1.0
2025-03-07,49,61,15,True,None,Friday,3,7,4,0.0,0.0,0.0,0.0,0.0
2025-03-07,41,53,14,True,None,Friday,3,7,4,0.0,0.0,0.0,1.0,0.0
2025-03-07,29,40,14,True,None,Friday,3,7,4,0.0,0.0,0.0,0.0,1.0
2025-03-08,19,33,18,False,None,Saturday,3,8,5,0.0,0.0,1.0,0.0,0.0
2025-03-08,23,32,9,False,None,Saturday,3,8,5,0.0,0.0,1.0,1.0,0.0
2025-03-08,13,23,11,False,None,Saturday,3,8,5,0.0,0.0,1.0,0.0,1.0
2025-03-08,14,26,14,False,None,Saturday,3,8,5,1.0,0.0,0.0,0.0,0.0
2025-03-08,16,22,9,False,None,Saturday,3,8,5,1.0,0.0,0.0,1.0,0.0
2025-03-08,3,14,15,False,None,Saturday,3,8,5,1.0,0.0,0.0,0.0,1.0
2025-03-08,17,27,11,False,None,Saturday,3,8,5,0.0,1.0,0.0,0.0,0.0
2025-03-08,17,26,13,False,None,Saturday,3,8,5,0.0,1.0,0.0,1.0,0.0
2025-03-08,9,19,10,False,None,Saturday,3,8,5,0.0,1.0,0.0,0.0,1.0
2025-03-08,39,52,17,False,None,Saturday,3,8,5,0.0,0.0,0.0,0.0,0.0
2025-03-08,21,34,14,False,None,Saturday,3,8,5,0.0,0.0,0.0,1.0,0.0
2025-03-08,8,13,6,False,None,Saturday,3,8,5,0.0,0.0,0.0,0.0,1.0
2025-03-09,27,32,8,False,None,Sunday,3,9,6,0.0,0.0,1.0,0.0,0.0
2025-03-09,21,26,8,False,None,Sunday,3,9,6,0.0,0.0,1.0,1.0,0.0
2025-03-09,8,18,14,False,None,Sunday,3,9,6,0.0,0.0,1.0,0.0,1.0
2025-03-09,15,29,15,False,None,Sunday,3,9,6,1.0,0.0,0.0,0.0,0.0
2025-03-09,13,18,8,False,None,Sunday,3,9,6,1.0,0.0,0.0,1.0,0.0
2025-03-09,5,19,16,False,None,Sunday,3,9,6,1.0,0.0,0.0,0.0,1.0
2025-03-09,12,20,10,False,None,Sunday,3,9,6,0.0,1.0,0.0,0.0,0.0
2025-03-09,12,23,13,False,None,Sunday,3,9,6,0.0,1.0,0.0,1.0,0.0
2025-03-09,6,13,7,False,None,Sunday,3,9,6,0.0,1.0,0.0,0.0,1.0
2025-03-09,31,37,7,False,None,Sunday,3,9,6,0.0,0.0,0.0,0.0,0.0
2025-03-09,23,36,15,False,None,Sunday,3,9,6,0.0,0.0,0.0,1.0,0.0
2025-03-09,13,19,8,False,None,Sunday,3,9,6,0.0,0.0,0.0,0.0,1.0
2025-03-10,41,50,13,True,None,Monday,3,10,0,0.0,0.0,1.0,0.0,0.0
2025-03-10,23,28,7,True,None,Monday,3,10,0,0.0,0.0,1.0,1.0,0.0
2025-03-10,17,27,11,True,None,Monday,3,10,0,0.0,0.0,1.0,0.0,1.0
2025-03-10,18,32,16,True,None,Monday,3,10,0,1.0,0.0,0.0,0.0,0.0
2025-03-10,16,24,10,True,None,Monday,3,10,0,1.0,0.0,0.0,1.0,0.0
2025-03-10,8,15,8,True,None,Monday,3,10,0,1.0,0.0,0.0,0.0,1.0
2025-03-10,22,33,12,True,None,Monday,3,10,0,0.0,1.0,0.0,0.0,0.0
2025-03-10,19,33,14,True,None,Monday,3,10,0,0.0,1.0,0.0,1.0,0.0
2025-03-10,3,16,17,True,None,Monday,3,10,0,0.0,1.0,0.0,0.0,1.0
2025-03-10,37,42,9,True,None,Monday,3,10,0,0.0,0.0,0.0,0.0,0.0
2025-03-10,36,47,15,True,None,Monday,3,10,0,0.0,0.0,0.0,1.0,0.0
2025-03-10,20,31,11,True,None,Monday,3,10,0,0.0,0.0,0.0,0.0,1.0
2025-03-11,33,43,11,True,None,Tuesday,3,11,1,0.0,0.0,1.0,0.0,0.0
2025-03-11,24,32,12,True,None,Tuesday,3,11,1,0.0,0.0,1.0,1.0,0.0
2025-03-11,13,27,16,True,None,Tuesday,3,11,1,0.0,0.0,1.0,0.0,1.0
2025-03-11,14,26,12,True,None,Tuesday,3,11,1,1.0,0.0,0.0,0.0,0.0
2025-03-11,16,21,7,True,None,Tuesday,3,11,1,1.0,0.0,0.0,1.0,0.0
2025-03-11,6,20,14,True,None,Tuesday,3,11,1,1.0,0.0,0.0,0.0,1.0
2025-03-11,33,42,9,True,None,Tuesday,3,11,1,0.0,1.0,0.0,0.0,0.0
2025-03-11,15,27,12,True,None,Tuesday,3,11,1,0.0,1.0,0.0,1.0,0.0
2025-03-11,6,11,5,True,None,Tuesday,3,11,1,0.0,1.0,0.0,0.0,1.0
2025-03-11,39,48,10,True,None,Tuesday,3,11,1,0.0,0.0,0.0,0.0,0.0
2025-03-11,48,53,6,True,None,Tuesday,3,11,1,0.0,0.0,0.0,1.0,0.0
2025-03-11,21,27,6,True,None,Tuesday,3,11,1,0.0,0.0,0.0,0.0,1.0
2025-03-12,34,42,9,True,None,Wednesday,3,12,2,0.0,0.0,1.0,0.0,0.0
2025-03-12,31,44,17,True,None,Wednesday,3,12,2,0.0,0.0,1.0,1.0,0.0
2025-03-12,11,20,11,True,None,Wednesday,3,12,2,0.0,0.0,1.0,0.0,1.0
2025-03-12,11,25,15,True,None,Wednesday,3,12,2,1.0,0.0,0.0,0.0,0.0
2025-03-12,13,22,11,True,None,Wednesday,3,12,2,1.0,0.0,0.0,1.0,0.0
2025-03-12,15,20,5,True,None,Wednesday,3,12,2,1.0,0.0,0.0,0.0,1.0
2025-03-12,25,39,18,True,None,Wednesday,3,12,2,0.0,1.0,0.0,0.0,0.0
2025-03-12,23,31,8,True,None,Wednesday,3,12,2,0.0,1.0,0.0,1.0,0.0
2025-03-12,8,19,11,True,None,Wednesday,3,12,2,0.0,1.0,0.0,0.0,1.0
2025-03-12,50,57,10,True,None,Wednesday,3,12,2,0.0,0.0,0.0,0.0,0.0
2025-03-12,40,46,9,True,None,Wednesday,3,12,2,0.0,0.0,0.0,1.0,0.0
2025-03-12,18,23,9,True,None,Wednesday,3,12,2,0.0,0.0,0.0,0.0,1.0
2025-03-13,38,52,18,True,None,Thursday,3,13,3,0.0,0.0,1.0,0.0,0.0
2025-03-13,26,32,7,True,None,Thursday,3,13,3,0.0,0.0,1.0,1.0,0.0
2025-03-13,16,22,9,True,None,Thursday,3,13,3,0.0,0.0,1.0,0.0,1.0
2025-03-13,18,26,10,True,None,Thursday,3,13,3,1.0,0.0,0.0,0.0,0.0
2025-03-13,14,24,14,True,None,Thursday,3,13,3,1.0,0.0,0.0,1.0,0.0
2025-03-13,10,21,13,True,None,Thursday,3,13,3,1.0,0.0,0.0,0.0,1.0
2025-03-13,30,37,8,True,None,Thursday,3,13,3,0.0,1.0,0.0,0.0,0.0
2025-03-13,27,40,15,True,None,Thursday,3,13,3,0.0,1.0,0.0,1.0,0.0
2025-03-13,7,16,13,True,None,Thursday,3,13,3,0.0,1.0,0.0,0.0,1.0
2025-03-13,53,67,18,True,None,Thursday,3,13,3,0.0,0.0,0.0,0.0,0.0
2025-03-13,38,52,17,True,None,Thursday,3,13,3,0.0,0.0,0.0,1.0,0.0
2025-03-13,14,20,6,True,None,Thursday,3,13,3,0.0,0.0,0.0,0.0,1.0
2025-03-14,42,49,9,True,None,Friday,3,14,4,0.0,0.0,1.0,0.0,0.0
2025-03-14,31,45,18,True,None,Friday,3,14,4,0.0,0.0,1.0,1.0,0.0
2025-03-14,17,30,16,True,None,Friday,3,14,4,0.0,0.0,1.0,0.0,1.0
2025-03-14,19,24,6,True,None,Friday,3,14,4,1.0,0.0,0.0,0.0,0.0
2025-03-14,17,24,9,True,None,Friday,3,14,4,1.0,0.0,0.0,1.0,0.0
2025-03-14,8,22,17,True,None,Friday,3,14,4,1.0,0.0,0.0,0.0,1.0
2025-03-14,27,33,10,True,None,Friday,3,14,4,0.0,1.0,0.0,0.0,0.0
2025-03-14,28,39,14,True,None,Friday,3,14,4,0.0,1.0,0.0,1.0,0.0
2025-03-14,17,22,6,True,None,Friday,3,14,4,0.0,1.0,0.0,0.0,1.0
2025-03-14,50,60,13,True,None,Friday,3,14,4,0.0,0.0,0.0,0.0,0.0
2025-03-14,47,57,10,True,None,Friday,3,14,4,0.0,0.0,0.0,1.0,0.0
2025-03-14,20,27,8,True,None,Friday,3,14,4,0.0,0.0,0.0,0.0,1.0
2025-03-15,27,37,14,False,None,Saturday,3,15,5,0.0,0.0,1.0,0.0,0.0
2025-03-15,18,23,7,False,None,Saturday,3,15,5,0.0,0.0,1.0,1.0,0.0
2025-03-15,13,24,11,False,None,Saturday,3,15,5,0.0,0.0,1.0,0.0,1.0
2025-03-15,16,21,9,False,None,Saturday,3,15,5,1.0,0.0,0.0,0.0,0.0
2025-03-15,11,23,16,False,None,Saturday,3,15,5,1.0,0.0,0.0,1.0,0.0
2025-03-15,7,20,16,False,None,Saturday,3,15,5,1.0,0.0,0.0,0.0,1.0
2025-03-15,23,30,8,False,None,Saturday,3,15,5,0.0,1.0,0.0,0.0,0.0
2025-03-15,19,24,8,False,None,Saturday,3,15,5,0.0,1.0,0.0,1.0,0.0
2025-03-15,7,21,16,False,None,Saturday,3,15,5,0.0,1.0,0.0,0.0,1.0
2025-03-15,22,28,8,False,None,Saturday,3,15,5,0.0,0.0,0.0,0.0,0.0
2025-03-15,30,39,12,False,None,Saturday,3,15,5,0.0,0.0,0.0,1.0,0.0
2025-03-15,6,20,15,False,None,Saturday,3,15,5,0.0,0.0,0.0,0.0,1.0
2025-03-16,25,37,15,False,None,Sunday,3,16,6,0.0,0.0,1.0,0.0,0.0
2025-03-16,25,34,11,False,None,Sunday,3,16,6,0.0,0.0,1.0,1.0,0.0
2025-03-16,11,25,18,False,None,Sunday,3,16,6,0.0,0.0,1.0,0.0,1.0
2025-03-16,12,23,15,False,None,Sunday,3,16,6,1.0,0.0,0.0,0.0,0.0
2025-03-16,6,14,12,False,None,Sunday,3,16,6,1.0,0.0,0.0,1.0,0.0
2025-03-16,1,15,18,False,None,Sunday,3,16,6,1.0,0.0,0.0,0.0,1.0
2025-03-16,15,28,16,False,None,Sunday,3,16,6,0.0,1.0,0.0,0.0,0.0
2025-03-16,14,26,14,False,None,Sunday,3,16,6,0.0,1.0,0.0,1.0,0.0
2025-03-16,12,25,17,False,None,Sunday,3,16,6,0.0,1.0,0.0,0.0,1.0
2025-03-16,28,42,17,False,None,Sunday,3,16,6,0.0,0.0,0.0,0.0,0.0
2025-03-16,14,25,14,False,None,Sunday,3,16,6,0.0,0.0,0.0,1.0,0.0
2025-03-16,9,22,17,False,None,Sunday,3,16,6,0.0,0.0,0.0,0.0,1.0
2025-03-17,43,56,14,True,None,Monday,3,17,0,0.0,0.0,1.0,0.0,0.0
2025-03-17,36,49,17,True,None,Monday,3,17,0,0.0,0.0,1.0,1.0,0.0
2025-03-17,11,19,12,True,None,Monday,3,17,0,0.0,0.0,1.0,0.0,1.0
2025-03-17,15,29,14,True,None,Monday,3,17,0,1.0,0.0,0.0,0.0,0.0
2025-03-17,14,21,8,True,None,Monday,3,17,0,1.0,0.0,0.0,1.0,0.0
2025-03-17,4,17,16,True,None,Monday,3,17,0,1.0,0.0,0.0,0.0,1.0
2025-03-17,27,39,14,True,None,Monday,3,17,0,0.0,1.0,0.0,0.0,0.0
2025-03-17,24,29,8,True,None,Monday,3,17,0,0.0,1.0,0.0,1.0,0.0
2025-03-17,9,17,11,True,None,Monday,3,17,0,0.0,1.0,0.0,0.0,1.0
2025-03-17,44,49,6,True,None,Monday,3,17,0,0.0,0.0,0.0,0.0,0.0
2025-03-17,47,52,8,True,None,Monday,3,17,0,0.0,0.0,0.0,1.0,0.0
2025-03-17,19,33,18,True,None,Monday,3,17,0,0.0,0.0,0.0,0.0,1.0
2025-03-18,32,37,6,True,None,Tuesday,3,18,1,0.0,0.0,1.0,0.0,0.0
2025-03-18,38,44,9,True,None,Tuesday,3,18,1,0.0,0.0,1.0,1.0,0.0
2025-03-18,12,23,11,True,None,Tuesday,3,18,1,0.0,0.0,1.0,0.0,1.0
2025-03-18,13,19,7,True,None,Tuesday,3,18,1,1.0,0.0,0.0,0.0,0.0
2025-03-18,15,24,10,True,None,Tuesday,3,18,1,1.0,0.0,0.0,1.0,0.0
2025-03-18,6,15,13,True,None,Tuesday,3,18,1,1.0,0.0,0.0,0.0,1.0
2025-03-18,18,32,14,True,None,Tuesday,3,18,1,0.0,1.0,0.0,0.0,0.0
2025-03-18,18,30,14,True,None,Tuesday,3,18,1,0.0,1.0,0.0,1.0,0.0
2025-03-18,16,21,8,True,None,Tuesday,3,18,1,0.0,1.0,0.0,0.0,1.0
2025-03-18,44,54,10,True,None,Tuesday,3,18,1,0.0,0.0,0.0,0.0,0.0
2025-03-18,48,57,12,True,None,Tuesday,3,18,1,0.0,0.0,0.0,1.0,0.0
2025-03-18,18,28,10,True,None,Tuesday,3,18,1,0.0,0.0,0.0,0.0,1.0
2025-03-19,51,57,6,True,None,Wednesday,3,19,2,0.0,0.0,1.0,0.0,0.0
2025-03-19,27,32,9,True,None,Wednesday,3,19,2,0.0,0.0,1.0,1.0,0.0
2025-03-19,8,18,14,True,None,Wednesday,3,19,2,0.0,0.0,1.0,0.0,1.0
2025-03-19,15,21,10,True,None,Wednesday,3,19,2,1.0,0.0,0.0,0.0,0.0
2025-03-19,15,25,12,True,None,Wednesday,3,19,2,1.0,0.0,0.0,1.0,0.0
2025-03-19,10,16,9,True,None,Wednesday,3,19,2,1.0,0.0,0.0,0.0,1.0
2025-03-19,31,37,10,True,None,Wednesday,3,19,2,0.0,1.0,0.0,0.0,0.0
2025-03-19,35,46,14,True,None,Wednesday,3,19,2,0.0,1.0,0.0,1.0,0.0
2025-03-19,6,19,17,True,None,Wednesday,3,19,2,0.0,1.0,0.0,0.0,1.0
2025-03-19,31,43,16,True,None,Wednesday,3,19,2,0.0,0.0,0.0,0.0,0.0
2025-03-19,41,53,14,True,None,Wednesday,3,19,2,0.0,0.0,0.0,1.0,0.0
2025-03-19,13,26,16,True,None,Wednesday,3,19,2,0.0,0.0,0.0,0.0,1.0
2025-03-20,36,46,12,True,None,Thursday,3,20,3,0.0,0.0,1.0,0.0,0.0
2025-03-20,28,33,9,True,None,Thursday,3,20,3,0.0,0.0,1.0,1.0,0.0
2025-03-20,11,22,14,True,None,Thursday,3,20,3,0.0,0.0,1.0,0.0,1.0
2025-03-20,18,24,8,True,None,Thursday,3,20,3,1.0,0.0,0.0,0.0,0.0
2025-03-20,10,22,13,True,None,Thursday,3,20,3,1.0,0.0,0.0,1.0,0.0
2025-03-20,8,16,11,True,None,Thursday,3,20,3,1.0,0.0,0.0,0.0,1.0
2025-03-20,24,30,8,True,None,Thursday,3,20,3,0.0,1.0,0.0,0.0,0.0
2025-03-20,18,26,12,True,None,Thursday,3,20,3,0.0,1.0,0.0,1.0,0.0
2025-03-20,4,16,12,True,None,Thursday,3,20,3,0.0,1.0,0.0,0.0,1.0
2025-03-20,42,56,18,True,None,Thursday,3,20,3,0.0,0.0,0.0,0.0,0.0
2025-03-20,43,54,12,True,None,Thursday,3,20,3,0.0,0.0,0.0,1.0,0.0
2025-03-20,22,36,14,True,None,Thursday,3,20,3,0.0,0.0,0.0,0.0,1.0
2025-03-21,31,38,10,True,None,Friday,3,21,4,0.0,0.0,1.0,0.0,0.0
2025-03-21,29,35,7,True,None,Friday,3,21,4,0.0,0.0,1.0,1.0,0.0
2025-03-21,15,21,9,True,None,Friday,3,21,4,0.0,0.0,1.0,0.0,1.0
2025-03-21,20,29,10,True,None,Friday,3,21,4,1.0,0.0,0.0,0.0,0.0
2025-03-21,18,23,9,True,None,Friday,3,21,4,1.0,0.0,0.0,1.0,0.0
2025-03-21,5,19,14,True,None,Friday,3,21,4,1.0,0.0,0.0,0.0,1.0
2025-03-21,22,34,15,True,None,Friday,3,21,4,0.0,1.0,0.0,0.0,0.0
2025-03-21,30,38,8,True,None,Friday,3,21,4,0.0,1.0,0.0,1.0,0.0
2025-03-21,9,16,10,True,None,Friday,3,21,4,0.0,1.0,0.0,0.0,1.0
2025-03-21,44,54,10,True,None,Friday,3,21,4,0.0,0.0,0.0,0.0,0.0
2025-03-21,32,37,5,True,None,Friday,3,21,4,0.0,0.0,0.0,1.0,0.0
2025-03-21,14,28,16,True,None,Friday,3,21,4,0.0,0.0,0.0,0.0,1.0
2025-03-22,29,43,17,False,None,Saturday,3,22,5,0.0,0.0,1.0,0.0,0.0
2025-03-22,24,35,15,False,None,Saturday,3,22,5,0.0,0.0,1.0,1.0,0.0
2025-03-22,13,19,8,False,None,Saturday,3,22,5,0.0,0.0,1.0,0.0,1.0
2025-03-22,4,15,15,False,None,Saturday,3,22,5,1.0,0.0,0.0,0.0,0.0
2025-03-22,8,16,8,False,None,Saturday,3,22,5,1.0,0.0,0.0,1.0,0.0
2025-03-22,3,13,14,False,None,Saturday,3,22,5,1.0,0.0,0.0,0.0,1.0
2025-03-22,15,25,11,False,None,Saturday,3,22,5,0.0,1.0,0.0,0.0,0.0
2025-03-22,22,27,9,False,None,Saturday,3,22,5,0.0,1.0,0.0,1.0,0.0
2025-03-22,8,22,15,False,None,Saturday,3,22,5,0.0,1.0,0.0,0.0,1.0
2025-03-22,25,35,12,False,None,Saturday,3,22,5,0.0,0.0,0.0,0.0,0.0
2025-03-22,26,39,15,False,None,Saturday,3,22,5,0.0,0.0,0.0,1.0,0.0
2025-03-22,18,29,15,False,None,Saturday,3,22,5,0.0,0.0,0.0,0.0,1.0
2025-03-23,28,42,18,False,None,Sunday,3,23,6,0.0,0.0,1.0,0.0,0.0
2025-03-23,11,25,18,False,None,Sunday,3,23,6,0.0,0.0,1.0,1.0,0.0
2025-03-23,14,24,11,False,None,Sunday,3,23,6,0.0,0.0,1.0,0.0,1.0
2025-03-23,6,17,12,False,None,Sunday,3,23,6,1.0,0.0,0.0,0.0,0.0
2025-03-23,12,19,9,False,None,Sunday,3,23,6,1.0,0.0,0.0,1.0,0.0
2025-03-23,5,11,9,False,None,Sunday,3,23,6,1.0,0.0,0.0,0.0,1.0
2025-03-23,19,32,14,False,None,Sunday,3,23,6,0.0,1.0,0.0,0.0,0.0
2025-03-23,15,29,15,False,None,Sunday,3,23,6,0.0,1.0,0.0,1.0,0.0
2025-03-23,6,15,13,False,None,Sunday,3,23,6,0.0,1.0,0.0,0.0,1.0
2025-03-23,33,47,18,False,None,Sunday,3,23,6,0.0,0.0,0.0,0.0,0.0
2025-03-23,19,24,9,False,None,Sunday,3,23,6,0.0,0.0,0.0,1.0,0.0
2025-03-23,12,22,11,False,None,Sunday,3,23,6,0.0,0.0,0.0,0.0,1.0
2025-03-24,31,44,15,True,None,Monday,3,24,0,0.0,0.0,1.0,0.0,0.0
2025-03-24,29,40,15,True,None,Monday,3,24,0,0.0,0.0,1.0,1.0,0.0
2025-03-24,11,20,12,True,None,Monday,3,24,0,0.0,0.0,1.0,0.0,1.0
2025-03-24,18,24,6,True,None,Monday,3,24,0,1.0,0.0,0.0,0.0,0.0
2025-03-24,16,30,15,True,None,Monday,3,24,0,1.0,0.0,0.0,1.0,0.0
2025-03-24,4,15,11,True,None,Monday,3,24,0,1.0,0.0,0.0,0.0,1.0
2025-03-24,33,43,14,True,None,Monday,3,24,0,0.0,1.0,0.0,0.0,0.0
2025-03-24,21,33,16,True,None,Monday,3,24,0,0.0,1.0,0.0,1.0,0.0
2025-03-24,12,23,15,True,None,Monday,3,24,0,0.0,1.0,0.0,0.0,1.0
2025-03-24,48,56,8,True,None,Monday,3,24,0,0.0,0.0,0.0,0.0,0.0
2025-03-24,31,44,13,True,None,Monday,3,24,0,0.0,0.0,0.0,1.0,0.0
2025-03-24,20,30,14,True,None,Monday,3,24,0,0.0,0.0,0.0,0.0,1.0
2025-03-25,42,52,14,True,None,Tuesday,3,25,1,0.0,0.0,1.0,0.0,0.0
2025-03-25,36,47,12,True,None,Tuesday,3,25,1,0.0,0.0,1.0,1.0,0.0
2025-03-25,19,24,5,True,None,Tuesday,3,25,1,0.0,0.0,1.0,0.0,1.0
2025-03-25,13,25,15,True,None,Tuesday,3,25,1,1.0,0.0,0.0,0.0,0.0
2025-03-25,7,19,13,True,None,Tuesday,3,25,1,1.0,0.0,0.0,1.0,0.0
2025-03-25,8,22,16,True,None,Tuesday,3,25,1,1.0,0.0,0.0,0.0,1.0
2025-03-25,35,49,16,True,None,Tuesday,3,25,1,0.0,1.0,0.0,0.0,0.0
2025-03-25,20,34,15,True,None,Tuesday,3,25,1,0.0,1.0,0.0,1.0,0.0
2025-03-25,11,18,10,True,None,Tuesday,3,25,1,0.0,1.0,0.0,0.0,1.0
2025-03-25,40,49,10,True,None,Tuesday,3,25,1,0.0,0.0,0.0,0.0,0.0
2025-03-25,49,57,11,True,None,Tuesday,3,25,1,0.0,0.0,0.0,1.0,0.0
2025-03-25,17,22,8,True,None,Tuesday,3,25,1,0.0,0.0,0.0,0.0,1.0
2025-03-26,30,40,13,True,None,Wednesday,3,26,2,0.0,0.0,1.0,0.0,0.0
2025-03-26,24,38,16,True,None,Wednesday,3,26,2,0.0,0.0,1.0,1.0,0.0
2025-03-26,18,28,12,True,None,Wednesday,3,26,2,0.0,0.0,1.0,0.0,1.0
2025-03-26,19,27,12,True,None,Wednesday,3,26,2,1.0,0.0,0.0,0.0,0.0
2025-03-26,11,17,7,True,None,Wednesday,3,26,2,1.0,0.0,0.0,1.0,0.0
2025-03-26,7,20,13,True,None,Wednesday,3,26,2,1.0,0.0,0.0,0.0,1.0
2025-03-26,21,26,7,True,None,Wednesday,3,26,2,0.0,1.0,0.0,0.0,0.0
2025-03-26,19,26,10,True,None,Wednesday,3,26,2,0.0,1.0,0.0,1.0,0.0
2025-03-26,8,17,10,True,None,Wednesday,3,26,2,0.0,1.0,0.0,0.0,1.0
2025-03-26,43,54,14,True,None,Wednesday,3,26,2,0.0,0.0,0.0,0.0,0.0
2025-03-26,35,49,15,True,None,Wednesday,3,26,2,0.0,0.0,0.0,1.0,0.0
2025-03-26,26,40,14,True,None,Wednesday,3,26,2,0.0,0.0,0.0,0.0,1.0
2025-03-27,38,44,6,True,None,Thursday,3,27,3,0.0,0.0,1.0,0.0,0.0
2025-03-27,27,33,6,True,None,Thursday,3,27,3,0.0,0.0,1.0,1.0,0.0
2025-03-27,11,19,9,True,None,Thursday,3,27,3,0.0,0.0,1.0,0.0,1.0
2025-03-27,17,28,13,True,None,Thursday,3,27,3,1.0,0.0,0.0,0.0,0.0
2025-03-27,17,31,18,True,None,Thursday,3,27,3,1.0,0.0,0.0,1.0,0.0
2025-03-27,3,16,17,True,None,Thursday,3,27,3,1.0,0.0,0.0,0.0,1.0
2025-03-27,23,31,12,True,None,Thursday,3,27,3,0.0,1.0,0.0,0.0,0.0
2025-03-27,21,26,7,True,None,Thursday,3,27,3,0.0,1.0,0.0,1.0,0.0
2025-03-27,6,13,8,True,None,Thursday,3,27,3,0.0,1.0,0.0,0.0,1.0
2025-03-27,43,57,15,True,None,Thursday,3,27,3,0.0,0.0,0.0,0.0,0.0
2025-03-27,37,44,7,True,None,Thursday,3,27,3,0.0,0.0,0.0,1.0,0.0
2025-03-27,20,26,7,True,None,Thursday,3,27,3,0.0,0.0,0.0,0.0,1.0
2025-03-28,32,46,17,True,None,Friday,3,28,4,0.0,0.0,1.0,0.0,0.0
2025-03-28,29,40,13,True,None,Friday,3,28,4,0.0,0.0,1.0,1.0,0.0
2025-03-28,18,32,14,True,None,Friday,3,28,4,0.0,0.0,1.0,0.0,1.0
2025-03-28,24,30,8,True,None,Friday,3,28,4,1.0,0.0,0.0,0.0,0.0
2025-03-28,17,26,12,True,None,Friday,3,28,4,1.0,0.0,0.0,1.0,0.0
2025-03-28,3,9,8,True,None,Friday,3,28,4,1.0,0.0,0.0,0.0,1.0
2025-03-28,31,43,13,True,None,Friday,3,28,4,0.0,1.0,0.0,0.0,0.0
2025-03-28,22,34,14,True,None,Friday,3,28,4,0.0,1.0,0.0,1.0,0.0
2025-03-28,12,18,7,True,None,Friday,3,28,4,0.0,1.0,0.0,0.0,1.0
2025-03-28,50,55,7,True,None,Friday,3,28,4,0.0,0.0,0.0,0.0,0.0
2025-03-28,47,58,12,True,None,Friday,3,28,4,0.0,0.0,0.0,1.0,0.0
2025-03-28,13,27,17,True,None,Friday,3,28,4,0.0,0.0,0.0,0.0,1.0
2025-03-29,15,24,13,False,None,Saturday,3,29,5,0.0,0.0,1.0,0.0,0.0
2025-03-29,24,29,5,False,None,Saturday,3,29,5,0.0,0.0,1.0,1.0,0.0
2025-03-29,15,26,12,False,None,Saturday,3,29,5,0.0,0.0,1.0,0.0,1.0
2025-03-29,18,32,18,False,None,Saturday,3,29,5,1.0,0.0,0.0,0.0,0.0
2025-03-29,8,16,9,False,None,Saturday,3,29,5,1.0,0.0,0.0,1.0,0.0
2025-03-29,5,15,10,False,None,Saturday,3,29,5,1.0,0.0,0.0,0.0,1.0
2025-03-29,21,34,16,False,None,Saturday,3,29,5,0.0,1.0,0.0,0.0,0.0
2025-03-29,13,18,7,False,None,Saturday,3,29,5,0.0,1.0,0.0,1.0,0.0
2025-03-29,2,15,14,False,None,Saturday,3,29,5,0.0,1.0,0.0,0.0,1.0
2025-03-29,25,36,12,False,None,Saturday,3,29,5,0.0,0.0,0.0,0.0,0.0
2025-03-29,21,31,13,False,None,Saturday,3,29,5,0.0,0.0,0.0,1.0,0.0
2025-03-29,9,23,14,False,None,Saturday,3,29,5,0.0,0.0,0.0,0.0,1.0
2025-03-30,37,43,7,False,None,Sunday,3,30,6,0.0,0.0,1.0,0.0,0.0
2025-03-30,23,37,18,False,None,Sunday,3,30,6,0.0,0.0,1.0,1.0,0.0
2025-03-30,9,23,16,False,None,Sunday,3,30,6,0.0,0.0,1.0,0.0,1.0
2025-03-30,11,19,11,False,None,Sunday,3,30,6,1.0,0.0,0.0,0.0,0.0
2025-03-30,14,23,11,False,None,Sunday,3,30,6,1.0,0.0,0.0,1.0,0.0
2025-03-30,7,20,14,False,None,Sunday,3,30,6,1.0,0.0,0.0,0.0,1.0
2025-03-30,21,27,10,False,None,Sunday,3,30,6,0.0,1.0,0.0,0.0,0.0
2025-03-30,20,29,13,False,None,Sunday,3,30,6,0.0,1.0,0.0,1.0,0.0
2025-03-30,10,23,13,False,None,Sunday,3,30,6,0.0,1.0,0.0,0.0,1.0
2025-03-30,44,53,10,False,None,Sunday,3,30,6,0.0,0.0,0.0,0.0,0.0
2025-03-30,28,38,12,False,None,Sunday,3,30,6,0.0,0.0,0.0,1.0,0.0
2025-03-30,9,14,6,False,None,Sunday,3,30,6,0.0,0.0,0.0,0.0,1.0
2025-03-31,39,47,11,True,None,Monday,3,31,0,0.0,0.0,1.0,0.0,0.0
2025-03-31,28,41,16,True,None,Monday,3,31,0,0.0,0.0,1.0,1.0,0.0
2025-03-31,9,15,10,True,None,Monday,3,31,0,0.0,0.0,1.0,0.0,1.0
2025-03-31,21,30,9,True,None,Monday,3,31,0,1.0,0.0,0.0,0.0,0.0
2025-03-31,14,23,12,True,None,Monday,3,31,0,1.0,0.0,0.0,1.0,0.0
2025-03-31,6,15,9,True,None,Monday,3,31,0,1.0,0.0,0.0,0.0,1.0
2025-03-31,27,41,18,True,None,Monday,3,31,0,0.0,1.0,0.0,0.0,0.0
2025-03-31,22,33,15,True,None,Monday,3,31,0,0.0,1.0,0.0,1.0,0.0
2025-03-31,14,19,6,True,None,Monday,3,31,0,0.0,1.0,0.0,0.0,1.0
2025-03-31,56,62,9,True,None,Monday,3,31,0,0.0,0.0,0.0,0.0,0.0
2025-03-31,44,58,18,True,None,Monday,3,31,0,0.0,0.0,0.0,1.0,0.0
2025-03-31,17,28,13,True,None,Monday,3,31,0,0.0,0.0,0.0,0.0,1.0
